sample_index,split,cluster_id
0,test,0
1,test,1
2,validation,2
3,test,3
4,validation,4
5,test,5
6,validation,6
7,test,7
8,validation,8
9,test,9
10,validation,10
11,test,11
12,validation,12
13,test,13
14,validation,14
15,test,15
16,validation,16
17,test,17
18,validation,18
19,test,19
20,validation,20
21,test,21
22,validation,22
23,test,23
24,validation,24
25,test,25
26,validation,26
27,test,27
28,validation,28
29,test,29
30,validation,30
31,test,31
32,validation,32
33,test,33
34,validation,34
35,test,35
36,validation,36
37,test,37
38,validation,38
39,test,39
40,validation,40
41,test,41
42,validation,42
43,test,43
44,validation,44
45,test,45
46,validation,46
47,test,47
48,test,48
49,validation,49
50,validation,50
51,test,51
52,validation,52
53,test,53
54,test,54
55,validation,55
56,validation,56
57,test,57
58,validation,58
59,test,59
60,validation,60
61,test,61
62,validation,62
63,test,63
64,validation,64
65,test,65
66,validation,66
67,test,67
68,validation,68
69,test,69
70,validation,70
71,test,71
72,validation,72
73,test,73
74,validation,74
75,test,75
76,validation,76
77,test,77
78,validation,78
79,test,79
80,test,80
81,validation,81
82,validation,82
83,test,83
84,validation,84
85,test,85
86,validation,86
87,test,87
88,validation,88
89,test,89
90,validation,90
91,test,91
92,validation,92
93,test,93
94,validation,94
95,test,95
96,validation,96
97,test,97
98,validation,98
99,test,99
100,validation,100
101,test,101
102,validation,102
103,test,103
104,validation,104
105,test,105
106,validation,106
107,test,107
108,validation,108
109,test,109
110,validation,110
111,test,111
112,test,112
113,validation,113
114,validation,114
115,test,115
116,validation,116
117,test,117
118,validation,118
119,test,119
120,validation,120
121,test,121
122,validation,122
123,test,123
124,validation,124
125,test,125
126,validation,126
127,test,127
128,validation,128
129,test,129
130,validation,130
131,test,131
132,validation,132
133,test,133
134,validation,134
135,test,135
136,validation,136
137,test,137
138,validation,138
139,test,139
140,validation,140
141,test,141
142,validation,142
143,test,143
144,validation,144
145,test,145
146,validation,146
147,test,147
148,validation,148
149,test,149
150,test,150
151,validation,151
152,validation,152
153,test,153
154,validation,154
155,test,155
156,validation,156
157,test,157
158,validation,158
159,test,159
160,validation,160
161,test,161
162,validation,162
163,test,163
164,validation,164
165,test,165
166,validation,166
167,test,167
168,validation,168
169,test,169
170,validation,170
171,test,171
172,validation,172
173,test,173
174,validation,174
175,test,175
176,validation,176
177,test,177
178,validation,178
179,test,179
180,validation,180
181,test,181
182,test,182
183,validation,183
184,validation,184
185,test,185
186,validation,186
187,test,187
188,validation,188
189,test,189
190,validation,190
191,test,191
192,validation,192
193,test,193
194,validation,194
195,test,195
196,test,196
197,validation,197
198,validation,198
199,test,199
200,validation,200
201,test,201
202,validation,202
203,test,203
204,validation,204
205,test,205
206,validation,206
207,test,207
208,validation,208
209,test,209
210,validation,210
211,test,211
212,validation,212
213,test,213
214,validation,214
215,test,215
216,validation,216
217,test,217
218,validation,218
219,test,219
220,validation,220
221,test,221
222,validation,222
223,test,223
224,validation,224
225,test,225
226,validation,226
227,test,227
228,validation,228
229,test,229
230,validation,230
231,test,231
232,validation,232
233,test,233
234,validation,234
235,test,235
236,validation,236
237,test,237
238,validation,238
239,test,239
240,validation,240
241,test,241
242,test,242
243,validation,243
244,validation,244
245,test,245
246,validation,246
247,test,247
248,validation,248
249,test,249
250,validation,250
251,test,251
252,validation,252
253,test,253
254,validation,254
255,test,255
256,validation,256
257,test,257
258,validation,258
259,test,259
260,test,260
261,validation,261
262,validation,262
263,test,263
264,validation,264
265,test,265
266,validation,266
267,test,267
268,validation,268
269,test,269
270,validation,270
271,test,271
272,validation,272
273,test,273
274,validation,274
275,test,275
276,validation,276
277,test,277
278,validation,278
279,test,279
280,validation,280
281,test,281
282,validation,282
283,test,283
284,validation,284
285,test,285
286,validation,286
287,test,287
288,validation,288
289,test,289
290,validation,290
291,test,291
292,test,292
293,validation,293
294,validation,294
295,test,295
296,validation,296
297,test,297
298,validation,298
299,test,299
300,validation,300
301,test,301
302,validation,302
303,test,303
304,validation,304
305,test,305
306,test,306
307,validation,307
308,validation,308
309,test,309
310,validation,310
311,test,311
312,validation,312
313,test,313
314,validation,314
315,test,315
316,validation,316
317,test,317
318,validation,318
319,test,319
320,validation,320
321,test,321
322,validation,322
323,test,323
324,validation,324
325,test,325
326,validation,326
327,test,327
328,validation,328
329,test,329
330,validation,330
331,test,331
332,validation,332
333,test,333
334,validation,334
335,test,335
336,validation,336
337,test,337
338,test,338
339,validation,339
340,validation,340
341,test,341
342,validation,342
343,test,343
344,validation,344
345,test,345
346,validation,346
347,test,347
348,validation,348
349,test,349
350,validation,350
351,test,351
352,validation,352
353,test,353
354,validation,354
355,test,355
356,test,356
357,validation,357
358,validation,358
359,test,359
360,validation,360
361,test,361
362,validation,362
363,test,363
364,validation,364
365,test,365
366,validation,366
367,test,367
368,validation,368
369,test,369
370,validation,370
371,test,371
372,validation,372
373,test,373
374,validation,374
375,test,375
376,validation,376
377,test,377
378,validation,378
379,test,379
380,validation,380
381,test,381
382,validation,382
383,test,383
384,validation,384
385,test,385
386,validation,386
387,test,387
388,validation,388
389,test,389
390,validation,390
391,test,391
392,validation,392
393,test,393
394,validation,394
395,test,395
396,validation,396
397,test,397
398,validation,398
399,test,399
400,validation,400
401,test,401
402,validation,402
403,test,403
404,validation,404
405,test,405
406,validation,406
407,test,407
408,validation,408
409,test,409
410,validation,410
411,test,411
412,validation,412
413,test,413
414,validation,414
415,test,415
416,validation,416
417,test,417
418,validation,418
419,test,419
420,validation,420
421,test,421
422,validation,422
423,test,423
424,test,424
425,validation,425
426,validation,426
427,test,427
428,validation,428
429,test,429
430,test,430
431,validation,431
432,validation,432
433,test,433
434,test,434
435,validation,435
436,validation,436
437,test,437
438,validation,438
439,test,439
440,validation,440
441,test,441
442,validation,442
443,test,443
444,validation,444
445,test,445
446,validation,446
447,test,447
448,validation,448
449,test,449
450,validation,450
451,test,451
452,validation,452
453,test,453
454,validation,454
455,test,455
456,test,456
457,validation,457
458,validation,458
459,test,459
460,validation,460
461,test,461
462,test,462
463,validation,463
464,validation,464
465,test,465
466,validation,466
467,test,467
468,validation,468
469,test,469
470,validation,470
471,test,471
472,validation,472
473,test,473
474,validation,474
475,test,475
476,validation,476
477,test,477
478,validation,478
479,test,479
480,validation,480
481,test,481
482,validation,482
483,test,483
484,validation,484
485,test,485
486,validation,486
487,test,487
488,validation,488
489,test,489
490,validation,490
491,test,491
492,validation,492
493,test,493
494,validation,494
495,test,495
496,validation,496
497,test,497
498,validation,498
499,test,499
500,validation,500
501,test,501
502,validation,502
503,test,503
504,validation,504
505,test,505
506,validation,506
507,test,507
508,validation,508
509,test,509
510,validation,510
511,test,511
512,validation,512
513,test,513
514,validation,514
515,test,515
516,validation,516
517,test,517
518,validation,518
519,test,519
520,validation,520
521,test,521
522,validation,522
523,test,523
524,validation,524
525,test,525
526,validation,526
527,test,527
528,validation,528
529,test,529
530,validation,530
531,test,531
532,validation,532
533,test,533
534,validation,534
535,test,535
536,validation,536
537,test,537
538,validation,538
539,test,539
540,validation,540
541,test,541
542,validation,542
543,test,543
544,validation,544
545,test,545
546,validation,546
547,test,547
548,validation,548
549,test,549
550,validation,550
551,test,551
552,test,552
553,validation,553
554,validation,554
555,test,555
556,validation,556
557,test,557
558,validation,558
559,test,559
560,validation,560
561,test,561
562,validation,562
563,test,563
564,validation,564
565,test,565
566,validation,566
567,test,567
568,validation,568
569,test,569
570,validation,570
571,test,571
572,validation,572
573,test,573
574,validation,574
575,test,575
576,validation,576
577,test,577
578,validation,578
579,test,579
580,validation,580
581,test,581
582,validation,582
583,test,583
584,test,584
585,test,585
586,validation,586
587,validation,587
588,test,588
589,validation,589
590,test,590
591,validation,591
592,test,592
593,test,593
594,validation,594
595,validation,595
596,test,596
597,validation,597
598,test,598
599,validation,599
600,test,600
601,validation,601
602,test,602
603,validation,603
604,test,604
605,validation,605
606,test,606
607,validation,607
608,test,608
609,validation,609
610,test,610
611,validation,611
612,test,612
613,validation,613
614,test,614
615,validation,615
616,test,616
617,validation,617
618,test,618
619,validation,619
620,test,620
621,validation,621
622,test,622
623,validation,623
624,test,624
625,test,625
626,validation,626
627,validation,627
628,test,628
629,validation,629
630,test,630
631,validation,631
632,test,632
633,validation,633
634,test,634
635,validation,635
636,test,636
637,validation,637
638,test,638
639,test,639
640,validation,640
641,validation,641
642,test,642
643,validation,643
644,test,644
645,validation,645
646,test,646
647,validation,647
648,test,648
649,validation,649
650,test,650
651,validation,651
652,test,652
653,validation,653
654,test,654
655,validation,655
656,test,656
657,validation,657
658,test,658
659,validation,659
660,test,660
661,validation,661
662,test,662
663,validation,663
664,test,664
665,validation,665
666,test,666
667,validation,667
668,test,668
669,validation,669
670,test,670
671,validation,671
672,test,672
673,validation,673
674,test,674
675,validation,675
676,test,676
677,validation,677
678,test,678
679,validation,679
680,test,680
681,validation,681
682,test,682
683,validation,683
684,test,684
685,validation,685
686,test,686
687,validation,687
688,test,688
689,validation,689
690,test,690
691,validation,691
692,test,692
693,validation,693
694,test,694
695,validation,695
696,test,696
697,validation,697
698,test,698
699,validation,699
700,test,700
701,validation,701
702,test,702
703,test,703
704,validation,704
705,validation,705
706,test,706
707,validation,707
708,test,708
709,validation,709
710,test,710
711,validation,711
712,test,712
713,validation,713
714,test,714
715,validation,715
716,test,716
717,validation,717
718,test,718
719,validation,719
720,validation,720
721,test,721
722,test,722
723,validation,723
724,validation,724
725,test,725
726,validation,726
727,test,727
728,validation,728
729,test,729
730,validation,730
731,test,731
732,validation,732
733,test,733
734,validation,734
735,test,735
736,test,736
737,validation,737
738,validation,738
739,test,739
740,validation,740
741,test,741
742,validation,742
743,test,743
744,validation,744
745,test,745
746,validation,746
747,test,747
748,validation,748
749,test,749
750,validation,750
751,test,751
752,validation,752
753,test,753
754,validation,754
755,test,755
756,validation,756
757,test,757
758,validation,758
759,test,759
760,validation,760
761,test,761
762,validation,762
763,test,763
764,validation,764
765,test,765
766,validation,766
767,test,767
768,validation,768
769,test,769
770,validation,770
771,test,771
772,validation,772
773,test,773
774,validation,774
775,test,775
776,validation,776
777,test,777
778,validation,778
779,test,779
780,validation,780
781,test,781
782,validation,782
783,test,783
784,validation,784
785,test,785
786,validation,786
787,test,787
788,validation,788
789,test,789
790,validation,790
791,test,791
792,validation,792
793,test,793
794,validation,794
795,test,795
796,validation,796
797,test,797
798,validation,798
799,test,799
800,validation,800
801,test,801
802,validation,802
803,test,803
804,test,804
805,validation,805
806,validation,806
807,test,807
808,validation,808
809,test,809
810,validation,810
811,test,811
812,validation,812
813,test,813
814,test,814
815,validation,815
816,validation,816
817,test,817
818,validation,818
819,test,819
820,validation,820
821,test,821
822,validation,822
823,test,823
824,validation,824
825,test,825
826,validation,826
827,test,827
828,validation,828
829,test,829
830,validation,830
831,test,831
832,validation,832
833,test,833
834,validation,834
835,test,835
836,test,836
837,validation,837
838,validation,838
839,test,839
840,validation,840
841,test,841
842,validation,842
843,test,843
844,validation,844
845,test,845
846,validation,846
847,test,847
848,validation,848
849,test,849
850,validation,850
851,test,851
852,validation,852
853,test,853
854,validation,854
855,test,855
856,validation,856
857,test,857
858,validation,858
859,test,859
860,validation,860
861,test,861
862,validation,862
863,test,863
864,validation,864
865,test,865
866,validation,866
867,test,867
868,test,868
869,validation,869
870,validation,870
871,test,871
872,validation,872
873,test,873
874,test,874
875,validation,875
876,validation,876
877,test,877
878,test,878
879,validation,879
880,validation,880
881,test,881
882,validation,882
883,test,883
884,validation,884
885,test,885
886,validation,886
887,test,887
888,validation,888
889,test,889
890,validation,890
891,test,891
892,validation,892
893,test,893
894,validation,894
895,test,895
896,validation,896
897,test,897
898,validation,898
899,test,899
900,validation,900
901,test,901
902,validation,902
903,test,903
904,validation,904
905,test,905
906,validation,906
907,test,907
908,validation,908
909,test,909
910,test,910
911,validation,911
912,validation,912
913,test,913
914,validation,914
915,test,915
916,validation,916
917,test,917
918,validation,918
919,test,919
920,validation,920
921,test,921
922,validation,922
923,test,923
924,validation,924
925,test,925
926,validation,926
927,test,927
928,validation,928
929,test,929
930,validation,930
931,test,931
932,validation,932
933,test,933
934,validation,934
935,test,935
936,validation,936
937,test,937
938,validation,938
939,test,939
940,validation,940
941,test,941
942,validation,942
943,test,943
944,validation,944
945,test,945
946,validation,946
947,test,947
948,validation,948
949,test,949
950,validation,950
951,test,951
952,validation,952
953,test,953
954,validation,954
955,test,955
956,validation,956
957,test,957
958,validation,958
959,test,959
960,validation,960
961,test,961
962,validation,962
963,test,963
964,validation,964
965,test,965
966,validation,966
967,test,967
968,validation,968
969,test,969
970,validation,970
971,test,971
972,validation,972
973,test,973
974,validation,974
975,test,975
976,validation,976
977,test,977
978,validation,978
979,test,979
980,validation,980
981,test,981
982,validation,982
983,test,983
984,test,984
985,validation,985
986,validation,986
987,test,987
988,validation,988
989,test,989
990,validation,990
991,test,991
992,validation,992
993,test,993
994,validation,994
995,test,995
996,validation,996
997,test,997
998,validation,998
999,test,999
1000,validation,1000
1001,test,1001
1002,validation,1002
1003,test,1003
1004,validation,1004
1005,test,1005
1006,validation,1006
1007,test,1007
1008,validation,1008
1009,test,1009
1010,validation,1010
1011,test,1011
1012,validation,1012
1013,test,1013
1014,validation,1014
1015,test,1015
1016,test,1016
1017,validation,1017
1018,validation,1018
1019,test,1019
1020,validation,1020
1021,test,1021
1022,validation,1022
1023,test,1023
1024,validation,1024
1025,test,1025
1026,validation,1026
1027,test,1027
1028,validation,1028
1029,test,1029
1030,validation,1030
1031,test,1031
1032,validation,1032
1033,test,1033
1034,validation,1034
1035,test,1035
1036,validation,1036
1037,test,1037
1038,validation,1038
1039,test,1039
1040,validation,1040
1041,test,1041
1042,validation,1042
1043,test,1043
1044,validation,1044
1045,test,1045
1046,validation,1046
1047,test,1047
1048,validation,1048
1049,test,1049
1050,validation,1050
1051,test,1051
1052,validation,1052
1053,test,1053
1054,validation,1054
1055,test,1055
1056,validation,1056
1057,test,1057
1058,validation,1058
1059,test,1059
1060,validation,1060
1061,test,1061
1062,test,1062
1063,validation,1063
1064,validation,1064
1065,test,1065
1066,validation,1066
1067,test,1067
1068,validation,1068
1069,test,1069
1070,validation,1070
1071,test,1071
1072,validation,1072
1073,test,1073
1074,validation,1074
1075,test,1075
1076,validation,1076
1077,test,1077
1078,validation,1078
1079,test,1079
1080,validation,1080
1081,test,1081
1082,validation,1082
1083,test,1083
1084,test,1084
1085,validation,1085
1086,validation,1086
1087,test,1087
1088,validation,1088
1089,test,1089
1090,validation,1090
1091,test,1091
1092,validation,1092
1093,test,1093
1094,validation,1094
1095,test,1095
1096,validation,1096
1097,test,1097
1098,test,1098
1099,validation,1099
1100,validation,1100
1101,test,1101
1102,validation,1102
1103,test,1103
1104,validation,1104
1105,test,1105
1106,validation,1106
1107,test,1107
1108,validation,1108
1109,test,1109
1110,validation,1110
1111,test,1111
1112,validation,1112
1113,test,1113
1114,validation,1114
1115,test,1115
1116,validation,1116
1117,test,1117
1118,validation,1118
1119,test,1119
1120,validation,1120
1121,test,1121
1122,validation,1122
1123,test,1123
1124,validation,1124
1125,test,1125
1126,validation,1126
1127,test,1127
1128,validation,1128
1129,test,1129
1130,test,1130
1131,validation,1131
1132,test,1132
1133,validation,1133
1134,validation,1134
1135,test,1135
1136,validation,1136
1137,test,1137
1138,validation,1138
1139,test,1139
1140,validation,1140
1141,test,1141
1142,validation,1142
1143,test,1143
1144,validation,1144
1145,test,1145
1146,validation,1146
1147,test,1147
1148,test,1148
1149,validation,1149
1150,validation,1150
1151,test,1151
1152,validation,1152
1153,test,1153
1154,validation,1154
1155,test,1155
1156,validation,1156
1157,test,1157
1158,validation,1158
1159,test,1159
1160,test,1160
1161,validation,1161
1162,validation,1162
1163,test,1163
1164,validation,1164
1165,test,1165
1166,validation,1166
1167,test,1167
1168,validation,1168
1169,test,1169
1170,validation,1170
1171,test,1171
1172,validation,1172
1173,test,1173
1174,validation,1174
1175,test,1175
1176,test,1176
1177,validation,1177
1178,validation,1178
1179,test,1179
1180,validation,1180
1181,test,1181
1182,validation,1182
1183,test,1183
1184,validation,1184
1185,test,1185
1186,validation,1186
1187,test,1187
1188,validation,1188
1189,test,1189
1190,validation,1190
1191,test,1191
1192,validation,1192
1193,test,1193
1194,validation,1194
1195,test,1195
1196,test,1196
1197,validation,1197
1198,validation,1198
1199,test,1199
1200,validation,1200
1201,test,1201
1202,validation,1202
1203,test,1203
1204,validation,1204
1205,test,1205
1206,validation,1206
1207,test,1207
1208,validation,1208
1209,test,1209
1210,validation,1210
1211,test,1211
1212,validation,1212
1213,test,1213
1214,validation,1214
1215,test,1215
1216,validation,1216
1217,test,1217
1218,validation,1218
1219,test,1219
1220,validation,1220
1221,test,1221
1222,validation,1222
1223,test,1223
1224,test,1224
1225,validation,1225
1226,validation,1226
1227,test,1227
1228,validation,1228
1229,test,1229
1230,validation,1230
1231,test,1231
1232,validation,1232
1233,test,1233
1234,validation,1234
1235,test,1235
1236,validation,1236
1237,test,1237
1238,test,1238
1239,validation,1239
1240,validation,1240
1241,test,1241
1242,validation,1242
1243,test,1243
1244,validation,1244
1245,test,1245
1246,validation,1246
1247,test,1247
1248,validation,1248
1249,test,1249
1250,validation,1250
1251,test,1251
1252,validation,1252
1253,test,1253
1254,test,1254
1255,validation,1255
1256,validation,1256
1257,test,1257
1258,validation,1258
1259,test,1259
1260,validation,1260
1261,test,1261
1262,validation,1262
1263,test,1263
1264,validation,1264
1265,test,1265
1266,validation,1266
1267,test,1267
1268,validation,1268
1269,test,1269
1270,validation,1270
1271,test,1271
1272,test,1272
1273,validation,1273
1274,validation,1274
1275,test,1275
1276,validation,1276
1277,test,1277
1278,validation,1278
1279,test,1279
1280,validation,1280
1281,test,1281
1282,validation,1282
1283,test,1283
1284,validation,1284
1285,test,1285
1286,validation,1286
1287,test,1287
1288,test,1288
1289,validation,1289
1290,validation,1290
1291,test,1291
1292,test,1292
1293,validation,1293
1294,validation,1294
1295,test,1295
1296,validation,1296
1297,test,1297
1298,validation,1298
1299,test,1299
1300,validation,1300
1301,test,1301
1302,validation,1302
1303,test,1303
1304,test,1304
1305,validation,1305
1306,validation,1306
1307,test,1307
1308,test,1308
1309,validation,1309
1310,validation,1310
1311,test,1311
1312,validation,1312
1313,test,1313
1314,validation,1314
1315,test,1315
1316,validation,1316
1317,test,1317
1318,validation,1318
1319,test,1319
1320,validation,1320
1321,test,1321
1322,validation,1322
1323,test,1323
1324,validation,1324
1325,test,1325
1326,validation,1326
1327,test,1327
1328,validation,1328
1329,test,1329
1330,validation,1330
1331,test,1331
1332,validation,1332
1333,test,1333
1334,validation,1334
1335,test,1335
1336,validation,1336
1337,test,1337
1338,validation,1338
1339,test,1339
1340,validation,1340
1341,test,1341
1342,validation,1342
1343,test,1343
1344,validation,1344
1345,test,1345
1346,test,1346
1347,validation,1347
1348,validation,1348
1349,test,1349
1350,test,1350
1351,validation,1351
1352,validation,1352
1353,test,1353
1354,test,1354
1355,validation,1355
1356,test,1356
1357,test,1353
1358,validation,1357
1359,test,1358
1360,validation,1359
1361,test,1360
1362,validation,1361
1363,test,1362
1364,validation,1363
1365,test,1364
1366,validation,1365
1367,test,1366
1368,validation,1367
1369,test,1368
1370,validation,1369
1371,test,1370
1372,validation,1371
1373,test,1372
1374,validation,1373
1375,test,1374
1376,validation,1375
1377,test,1376
1378,validation,1377
1379,test,1378
1380,validation,1379
1381,test,1380
1382,validation,1381
1383,test,1382
1384,validation,1383
1385,test,1384
1386,validation,1385
1387,test,1386
1388,validation,1387
1389,test,1388
1390,validation,1389
1391,test,1390
1392,validation,1391
1393,test,1392
1394,validation,1393
1395,test,1394
1396,test,1395
1397,validation,1396
1398,validation,1397
1399,test,1398
1400,validation,1399
1401,test,1400
1402,validation,1401
1403,test,1402
1404,validation,1403
1405,test,1404
1406,validation,1405
1407,test,1406
1408,validation,1407
1409,test,1408
1410,validation,1409
1411,test,1410
1412,validation,1411
1413,test,1412
1414,validation,1413
1415,test,1414
1416,validation,1415
1417,test,1416
1418,validation,1417
1419,test,1418
1420,validation,1419
1421,test,1420
1422,validation,1421
1423,test,1422
1424,validation,1423
1425,test,1424
1426,validation,1425
1427,test,1426
1428,validation,1427
1429,test,1428
1430,validation,1429
1431,test,1430
1432,validation,1431
1433,test,1432
1434,validation,1433
1435,test,1434
1436,validation,1435
1437,test,1436
1438,validation,1437
1439,test,1438
1440,validation,1439
1441,test,1440
1442,validation,1441
1443,test,1442
1444,test,1443
1445,validation,1444
1446,validation,1445
1447,test,1446
1448,validation,1447
1449,test,1448
1450,validation,1449
1451,test,1450
1452,validation,1451
1453,test,1452
1454,validation,1453
1455,test,1454
1456,validation,1455
1457,test,1456
1458,test,1457
1459,validation,1458
1460,validation,1459
1461,test,1460
1462,validation,1461
1463,test,1462
1464,validation,1463
1465,test,1464
1466,validation,1465
1467,test,1466
1468,validation,1467
1469,test,1468
1470,validation,1469
1471,test,1470
1472,validation,1471
1473,test,1472
1474,test,1473
1475,validation,1474
1476,validation,1475
1477,test,1476
1478,validation,1477
1479,test,1478
1480,validation,1479
1481,test,1480
1482,validation,1481
1483,test,1482
1484,validation,1483
1485,test,1484
1486,validation,1485
1487,test,1486
1488,validation,1487
1489,test,1488
1490,validation,1489
1491,test,1490
1492,validation,1491
1493,test,1492
1494,validation,1493
1495,test,1494
1496,validation,1495
1497,test,1496
1498,validation,1497
1499,test,1498
1500,validation,1499
1501,test,1500
1502,validation,1501
1503,test,1502
1504,validation,1503
1505,test,1504
1506,validation,1505
1507,test,1506
1508,validation,1507
1509,test,1508
1510,validation,1509
1511,test,1510
1512,validation,1511
1513,test,1512
1514,validation,1513
1515,test,1514
1516,validation,1515
1517,test,1516
1518,validation,1517
1519,test,1518
1520,validation,1519
1521,test,1520
1522,validation,1521
1523,test,1522
1524,validation,1523
1525,test,1524
1526,validation,1525
1527,test,1526
1528,validation,1527
1529,test,1528
1530,validation,1529
1531,test,1530
1532,validation,1531
1533,test,1532
1534,validation,1533
1535,test,1534
1536,validation,1535
1537,test,1536
1538,test,1537
1539,validation,1538
1540,test,1539
1541,validation,1540
1542,validation,1541
1543,test,1542
1544,validation,1543
1545,test,1544
1546,validation,1545
1547,test,1546
1548,validation,1547
1549,test,1548
1550,validation,1549
1551,test,1550
1552,validation,1551
1553,test,1552
1554,test,1553
1555,validation,1554
1556,validation,1555
1557,test,1556
1558,validation,1557
1559,test,1558
1560,validation,1559
1561,test,1560
1562,validation,1561
1563,test,1562
1564,validation,1563
1565,test,1564
1566,validation,1565
1567,test,1566
1568,validation,1567
1569,test,1568
1570,validation,1569
1571,test,1570
1572,test,1571
1573,validation,1572
1574,test,1573
1575,validation,1574
1576,validation,1575
1577,test,1576
1578,validation,1577
1579,test,1578
1580,validation,1579
1581,test,1580
1582,validation,1581
1583,test,1582
1584,test,1583
1585,validation,1584
1586,validation,1585
1587,test,1586
1588,validation,1587
1589,test,1588
1590,test,1589
1591,validation,1590
1592,validation,1591
1593,test,1592
1594,validation,1593
1595,test,1594
1596,validation,1595
1597,test,1596
1598,validation,1597
1599,test,1598
1600,validation,1599
1601,test,1600
1602,test,1601
1603,validation,1602
1604,validation,1603
1605,test,1604
1606,validation,1605
1607,test,1606
1608,validation,1607
1609,test,1608
1610,validation,1609
1611,test,1610
1612,validation,1611
1613,test,1612
1614,validation,1613
1615,test,1614
1616,test,1615
1617,validation,1616
1618,validation,1617
1619,test,1618
1620,validation,1619
1621,test,1620
1622,validation,1621
1623,test,1622
1624,validation,1623
1625,test,1624
1626,validation,1625
1627,test,1626
1628,validation,1627
1629,test,1628
1630,validation,1629
1631,test,1630
1632,test,1631
1633,validation,1632
1634,test,1633
1635,validation,1634
1636,validation,1635
1637,test,1636
1638,validation,1637
1639,test,1638
1640,validation,1639
1641,test,1640
1642,validation,1641
1643,test,1642
1644,validation,1643
1645,test,1644
1646,validation,1645
1647,test,1646
1648,validation,1647
1649,test,1648
1650,validation,1649
1651,test,1650
1652,validation,1651
1653,test,1652
1654,validation,1653
1655,test,1654
1656,validation,1655
1657,test,1656
1658,validation,1657
1659,test,1658
1660,validation,1659
1661,test,1660
1662,validation,1661
1663,test,1662
1664,validation,1663
1665,test,1664
1666,validation,1665
1667,test,1666
1668,test,1667
1669,validation,1668
1670,validation,1669
1671,test,1670
1672,validation,1671
1673,test,1672
1674,validation,1673
1675,test,1674
1676,validation,1675
1677,test,1676
1678,validation,1677
1679,test,1678
1680,test,1679
1681,validation,1680
1682,validation,1681
1683,test,1682
1684,validation,1683
1685,test,1684
1686,test,1685
1687,validation,1686
1688,validation,1687
1689,test,1688
1690,validation,1689
1691,test,1690
1692,validation,1691
1693,test,1692
1694,validation,1693
1695,test,1694
1696,validation,1695
1697,test,1696
1698,validation,1697
1699,test,1698
1700,validation,1699
1701,test,1700
1702,validation,1701
1703,test,1702
1704,validation,1703
1705,test,1704
1706,validation,1705
1707,test,1706
1708,validation,1707
1709,test,1708
1710,validation,1709
1711,test,1710
1712,validation,1711
1713,test,1712
1714,validation,1713
1715,test,1714
1716,validation,1715
1717,test,1716
1718,validation,1717
1719,test,1718
1720,validation,1719
1721,test,1720
1722,validation,1721
1723,test,1722
1724,validation,1723
1725,test,1724
1726,validation,1725
1727,test,1726
1728,validation,1727
1729,test,1728
1730,validation,1729
1731,test,1730
1732,validation,1731
1733,test,1732
1734,validation,1733
1735,test,1734
1736,validation,1735
1737,test,1736
1738,validation,1737
1739,test,1738
1740,validation,1739
1741,test,1740
1742,test,1741
1743,validation,1742
1744,validation,1743
1745,test,1744
1746,validation,1745
1747,test,1746
1748,validation,1747
1749,test,1748
1750,validation,1749
1751,test,1750
1752,validation,1751
1753,test,1752
1754,validation,1753
1755,test,1754
1756,validation,1755
1757,test,1756
1758,validation,1757
1759,test,1758
1760,validation,1759
1761,test,1760
1762,validation,1761
1763,test,1762
1764,validation,1763
1765,test,1764
1766,validation,1765
1767,test,1766
1768,validation,1767
1769,test,1768
1770,validation,1769
1771,test,1770
1772,validation,1771
1773,test,1772
1774,validation,1773
1775,test,1774
1776,validation,1775
1777,test,1776
1778,validation,1777
1779,test,1778
1780,validation,1779
1781,test,1780
1782,validation,1781
1783,test,1782
1784,validation,1783
1785,test,1784
1786,validation,1785
1787,test,1786
1788,validation,1787
1789,test,1788
1790,test,1789
1791,validation,1790
1792,validation,1791
1793,test,1792
1794,validation,1793
1795,test,1794
1796,validation,1795
1797,test,1796
1798,validation,1797
1799,test,1798
1800,validation,1799
1801,test,1800
1802,validation,1801
1803,test,1802
1804,validation,1803
1805,test,1804
1806,validation,1805
1807,test,1806
1808,validation,1807
1809,test,1808
1810,validation,1809
1811,test,1810
1812,validation,1811
1813,test,1812
1814,validation,1813
1815,test,1814
1816,validation,1815
1817,test,1816
1818,validation,1817
1819,test,1818
1820,validation,1819
1821,test,1820
1822,validation,1821
1823,test,1822
1824,validation,1823
1825,test,1824
1826,validation,1825
1827,test,1826
1828,validation,1827
1829,test,1828
1830,validation,1829
1831,test,1830
1832,validation,1831
1833,test,1832
1834,validation,1833
1835,test,1834
1836,validation,1835
1837,test,1836
1838,validation,1837
1839,test,1838
1840,validation,1839
1841,test,1840
1842,validation,1841
1843,test,1842
1844,validation,1843
1845,test,1844
1846,validation,1845
1847,test,1846
1848,validation,1847
1849,test,1848
1850,validation,1849
1851,test,1850
1852,validation,1851
1853,test,1852
1854,validation,1853
1855,test,1854
1856,validation,1855
1857,validation,1856
1858,test,1857
1859,validation,1858
1860,test,1859
1861,validation,1860
1862,test,1861
1863,validation,1862
1864,test,1863
1865,validation,1864
1866,test,1865
1867,validation,1866
1868,test,1867
1869,validation,1868
1870,test,1869
1871,validation,1870
1872,test,1871
1873,validation,1872
1874,test,1873
1875,validation,1874
1876,test,1875
1877,validation,1876
1878,test,1877
1879,validation,1878
1880,test,1879
1881,validation,1880
1882,test,1881
1883,test,1882
1884,validation,1883
1885,validation,1884
1886,test,1885
1887,validation,1886
1888,test,1887
1889,validation,1888
1890,test,1889
1891,validation,1890
1892,test,1891
1893,validation,1892
1894,test,1893
1895,validation,1894
1896,test,1895
1897,validation,1896
1898,test,1897
1899,test,1898
1900,validation,1899
1901,validation,1900
1902,test,1901
1903,validation,1902
1904,test,1903
1905,validation,1904
1906,test,1905
1907,validation,1906
1908,test,1907
1909,validation,1908
1910,test,1909
1911,validation,1910
1912,test,1911
1913,validation,1912
1914,test,1913
1915,validation,1914
1916,test,1915
1917,validation,1916
1918,test,1917
1919,test,1918
1920,validation,1919
1921,validation,1920
1922,test,1921
1923,validation,1922
1924,test,1923
1925,validation,1924
1926,test,1925
1927,validation,1926
1928,test,1927
1929,validation,1928
1930,test,1929
1931,validation,1930
1932,test,1931
1933,validation,1932
1934,test,1933
1935,validation,1934
1936,test,1935
1937,validation,1936
1938,test,1937
1939,validation,1938
1940,test,1939
1941,validation,1940
1942,test,1941
1943,validation,1942
1944,test,1943
1945,validation,1944
1946,test,1945
1947,validation,1946
1948,test,1947
1949,validation,1948
1950,test,1949
1951,validation,1950
1952,test,1951
1953,validation,1952
1954,test,1953
1955,validation,1954
1956,test,1955
1957,validation,1956
1958,test,1957
1959,validation,1958
1960,test,1959
1961,validation,1960
1962,test,1961
1963,validation,1962
1964,test,1963
1965,validation,1964
1966,test,1965
1967,validation,1966
1968,test,1967
1969,validation,1968
1970,test,1969
1971,validation,1970
1972,test,1971
1973,validation,1972
1974,test,1973
1975,validation,1974
1976,test,1975
1977,validation,1976
1978,test,1977
1979,validation,1978
1980,test,1979
1981,validation,1980
1982,test,1981
1983,test,1982
1984,validation,1983
1985,validation,1984
1986,test,1985
1987,validation,1986
1988,test,1987
1989,validation,1988
1990,test,1989
1991,validation,1990
1992,test,1991
1993,validation,1992
1994,test,1993
1995,validation,1994
1996,test,1995
1997,validation,1996
1998,test,1997
1999,validation,1998
2000,test,1999
2001,validation,2000
2002,test,2001
2003,validation,2002
2004,test,2003
2005,validation,2004
2006,test,2005
2007,validation,2006
2008,test,2007
2009,validation,2008
2010,test,2009
2011,validation,2010
2012,test,2011
2013,validation,2012
2014,test,2013
2015,validation,2014
2016,test,2015
2017,validation,2016
2018,test,2017
2019,validation,2018
2020,test,2019
2021,validation,2020
2022,test,2021
2023,validation,2022
2024,test,2023
2025,validation,2024
2026,test,2025
2027,validation,2026
2028,test,2027
2029,test,2028
2030,validation,2029
2031,validation,2030
2032,test,2031
2033,validation,2032
2034,test,2033
2035,validation,2034
2036,test,2035
2037,validation,2036
2038,test,2037
2039,validation,2038
2040,test,2039
2041,validation,2040
2042,test,2041
2043,validation,2042
2044,test,2043
2045,test,2044
2046,validation,2045
2047,validation,2046
2048,test,2047
2049,validation,2048
2050,test,2049
2051,validation,2050
2052,test,2051
2053,validation,2052
2054,test,2053
2055,validation,2054
2056,test,2055
2057,validation,2056
2058,test,2057
2059,validation,2058
2060,test,2059
2061,validation,2060
2062,test,2061
2063,validation,2062
2064,test,2063
2065,validation,2064
2066,test,2065
2067,validation,2066
2068,test,2067
2069,validation,2068
2070,test,2069
2071,validation,2070
2072,test,2071
2073,validation,2072
2074,test,2073
2075,validation,2074
2076,test,2075
2077,validation,2076
2078,test,2077
2079,validation,2078
2080,test,2079
2081,validation,2080
2082,test,2081
2083,validation,2082
2084,test,2083
2085,validation,2084
2086,test,2085
2087,validation,2086
2088,test,2087
2089,validation,2088
2090,test,2089
2091,validation,2090
2092,test,2091
2093,validation,2092
2094,test,2093
2095,validation,2094
2096,test,2095
2097,validation,2096
2098,test,2097
2099,validation,2098
2100,test,2099
2101,validation,2100
2102,test,2101
2103,validation,2102
2104,test,2103
2105,validation,2104
2106,test,2105
2107,validation,2106
2108,test,2107
2109,validation,2108
2110,test,2109
2111,validation,2110
2112,test,2111
2113,validation,2112
2114,test,2113
2115,validation,2114
2116,test,2115
2117,validation,2116
2118,test,2117
2119,test,2118
2120,validation,2119
2121,validation,2120
2122,test,2121
2123,validation,2122
2124,test,2123
2125,validation,2124
2126,test,2125
2127,validation,2126
2128,test,2127
2129,validation,2128
2130,test,2129
2131,validation,2130
2132,test,2131
2133,validation,2132
2134,test,2133
2135,test,2134
2136,validation,2135
2137,validation,2136
2138,test,2137
2139,test,2138
2140,validation,2139
2141,validation,2140
2142,test,2141
2143,validation,2142
2144,test,2143
2145,validation,2144
2146,test,2145
2147,validation,2146
2148,test,2147
2149,validation,2148
2150,test,2149
2151,validation,2150
2152,test,2151
2153,validation,2152
2154,test,2153
2155,validation,2154
2156,test,2155
2157,validation,2156
2158,test,2157
2159,validation,2158
2160,test,2159
2161,validation,2160
2162,test,2161
2163,validation,2162
2164,test,2163
2165,validation,2164
2166,test,2165
2167,validation,2166
2168,test,2167
2169,validation,2168
2170,test,2169
2171,validation,2170
2172,test,2171
2173,test,2172
2174,validation,2173
2175,validation,2174
2176,test,2175
2177,validation,2176
2178,test,2177
2179,validation,2178
2180,test,2179
2181,validation,2180
2182,test,2181
2183,validation,2182
2184,test,2183
2185,validation,2184
2186,test,2185
2187,validation,2186
2188,test,2187
2189,validation,2188
2190,test,2189
2191,validation,2190
2192,test,2191
2193,validation,2192
2194,test,2193
2195,validation,2194
2196,test,2195
2197,validation,2196
2198,test,2197
2199,validation,2198
2200,test,2199
2201,validation,2200
2202,test,2201
2203,validation,2202
2204,test,2203
2205,validation,2204
2206,test,2205
2207,validation,2206
2208,test,2207
2209,validation,2208
2210,test,2209
2211,validation,2210
2212,test,2211
2213,validation,2212
2214,test,2213
2215,validation,2214
2216,test,2215
2217,validation,2216
2218,test,2217
2219,validation,2218
2220,test,2219
2221,validation,2220
2222,test,2221
2223,validation,2222
2224,test,2223
2225,validation,2224
2226,test,2225
2227,validation,2226
2228,test,2227
2229,validation,2228
2230,test,2229
2231,test,2230
2232,validation,2231
2233,validation,2232
2234,test,2233
2235,validation,2234
2236,test,2235
2237,validation,2236
2238,test,2237
2239,validation,2238
2240,test,2239
2241,validation,2240
2242,test,2241
2243,validation,2242
2244,test,2243
2245,validation,2244
2246,test,2245
2247,validation,2246
2248,test,2247
2249,validation,2248
2250,test,2249
2251,validation,2250
2252,test,2251
2253,validation,2252
2254,test,2253
2255,validation,2254
2256,test,2255
2257,validation,2256
2258,test,2257
2259,validation,2258
2260,test,2259
2261,validation,2260
2262,test,2261
2263,validation,2262
2264,test,2263
2265,validation,2264
2266,test,2265
2267,validation,2266
2268,test,2267
2269,validation,2268
2270,test,2269
2271,validation,2270
2272,test,2271
2273,validation,2272
2274,test,2273
2275,validation,2274
2276,test,2275
2277,validation,2276
2278,test,2277
2279,validation,2278
2280,test,2279
2281,validation,2280
2282,test,2281
2283,validation,2282
2284,test,2283
2285,validation,2284
2286,test,2285
2287,validation,2286
2288,test,2287
2289,validation,2288
2290,test,2289
2291,validation,2290
2292,test,2291
2293,validation,2292
2294,test,2293
2295,validation,2294
2296,test,2295
2297,validation,2296
2298,test,2297
2299,validation,2298
2300,test,2299
2301,validation,2300
2302,test,2301
2303,validation,2302
2304,test,2303
2305,validation,2304
2306,test,2305
2307,validation,2306
2308,test,2307
2309,validation,2308
2310,test,2309
2311,validation,2310
2312,test,2311
2313,validation,2312
2314,test,2313
2315,validation,2314
2316,test,2315
2317,validation,2316
2318,test,2317
2319,validation,2318
2320,test,2319
2321,validation,2320
2322,test,2321
2323,validation,2322
2324,test,2323
2325,validation,2324
2326,test,2325
2327,validation,2326
2328,test,2327
2329,validation,2328
2330,test,2329
2331,validation,2330
2332,test,2331
2333,validation,2332
2334,test,2333
2335,validation,2334
2336,test,2335
2337,validation,2336
2338,test,2337
2339,validation,2338
2340,test,2339
2341,validation,2340
2342,test,2341
2343,test,2342
2344,validation,2343
2345,validation,2344
2346,test,2345
2347,validation,2346
2348,test,2347
2349,validation,2348
2350,test,2349
2351,validation,2350
2352,test,2351
2353,validation,2352
2354,test,2353
2355,validation,2354
2356,test,2355
2357,validation,2356
2358,test,2357
2359,validation,2358
2360,test,2359
2361,validation,2360
2362,test,2361
2363,validation,2362
2364,test,2363
2365,validation,2364
2366,test,2365
2367,validation,2366
2368,test,2367
2369,validation,2368
2370,test,2369
2371,validation,2370
2372,test,2371
2373,test,2372
2374,validation,2373
2375,validation,2374
2376,test,2375
2377,validation,2376
2378,test,2377
2379,validation,2378
2380,test,2379
2381,validation,2380
2382,test,2381
2383,validation,2382
2384,test,2383
2385,validation,2384
2386,test,2385
2387,validation,2386
2388,test,2387
2389,validation,2388
2390,test,2389
2391,validation,2390
2392,test,2391
2393,validation,2392
2394,test,2393
2395,validation,2394
2396,test,2395
2397,validation,2396
2398,test,2397
2399,validation,2398
2400,test,2399
2401,validation,2400
2402,test,2401
2403,validation,2402
2404,test,2403
2405,validation,2404
2406,test,2405
2407,validation,2406
2408,test,2407
2409,validation,2408
2410,test,2409
2411,validation,2410
2412,test,2411
2413,validation,2412
2414,test,2413
2415,validation,2414
2416,test,2415
2417,validation,2416
2418,test,2417
2419,validation,2418
2420,test,2419
2421,validation,2420
2422,test,2421
2423,validation,2422
2424,test,2423
2425,validation,2424
2426,test,2425
2427,validation,2426
2428,test,2427
2429,validation,2428
2430,test,2429
2431,validation,2430
2432,test,2431
2433,validation,2432
2434,test,2433
2435,validation,2434
2436,test,2435
2437,validation,2436
2438,test,2437
2439,validation,2438
2440,test,2439
2441,validation,2440
2442,test,2441
2443,validation,2442
2444,test,2443
2445,validation,2444
2446,test,2445
2447,validation,2446
2448,test,2447
2449,validation,2448
2450,test,2449
2451,validation,2450
2452,test,2451
2453,validation,2452
2454,test,2453
2455,validation,2454
2456,test,2455
2457,validation,2456
2458,test,2457
2459,validation,2458
2460,test,2459
2461,validation,2460
2462,test,2461
2463,validation,2462
2464,test,2463
2465,validation,2464
2466,test,2465
2467,test,2466
2468,validation,2467
2469,validation,2468
2470,test,2469
2471,validation,2470
2472,test,2471
2473,validation,2472
2474,test,2473
2475,validation,2474
2476,test,2475
2477,validation,2476
2478,test,2477
2479,validation,2478
2480,test,2479
2481,validation,2480
2482,test,2481
2483,test,2482
2484,validation,2483
2485,validation,2484
2486,test,2485
2487,validation,2486
2488,test,2487
2489,validation,2488
2490,test,2489
2491,validation,2490
2492,test,2491
2493,validation,2492
2494,test,2493
2495,validation,2494
2496,test,2495
2497,validation,2496
2498,test,2497
2499,validation,2498
2500,test,2499
2501,validation,2500
2502,test,2501
2503,validation,2502
2504,test,2503
2505,validation,2504
2506,test,2505
2507,validation,2506
2508,test,2507
2509,validation,2508
2510,test,2509
2511,validation,2510
2512,test,2511
2513,validation,2512
2514,test,2513
2515,validation,2514
2516,test,2515
2517,test,2516
2518,validation,2517
2519,validation,2518
2520,test,2519
2521,validation,2520
2522,test,2521
2523,validation,2522
2524,test,2523
2525,validation,2524
2526,test,2525
2527,validation,2526
2528,test,2527
2529,validation,2528
2530,test,2529
2531,validation,2530
2532,test,2531
2533,validation,2532
2534,test,2533
2535,validation,2534
2536,test,2535
2537,validation,2536
2538,test,2537
2539,validation,2538
2540,test,2539
2541,validation,2540
2542,test,2541
2543,validation,2542
2544,test,2543
2545,validation,2544
2546,test,2545
2547,validation,2546
2548,test,2547
2549,validation,2548
2550,test,2549
2551,validation,2550
2552,test,2551
2553,validation,2552
2554,test,2553
2555,validation,2554
2556,test,2555
2557,validation,2556
2558,test,2557
2559,validation,2558
2560,test,2559
2561,validation,2560
2562,test,2561
2563,validation,2562
2564,test,2563
2565,validation,2564
2566,test,2565
2567,validation,2566
2568,test,2567
2569,validation,2568
2570,test,2569
2571,validation,2570
2572,test,2571
2573,validation,2572
2574,test,2573
2575,validation,2574
2576,test,2575
2577,validation,2576
2578,test,2577
2579,validation,2578
2580,test,2579
2581,validation,2580
2582,test,2581
2583,validation,2582
2584,test,2583
2585,validation,2584
2586,test,2585
2587,validation,2586
2588,test,2587
2589,validation,2588
2590,test,2589
2591,validation,2590
2592,test,2591
2593,validation,2592
2594,test,2593
2595,validation,2594
2596,test,2595
2597,validation,2596
2598,test,2597
2599,validation,2598
2600,test,2599
2601,validation,2600
2602,test,2601
2603,validation,2602
2604,test,2603
2605,validation,2604
2606,test,2605
2607,validation,2606
2608,test,2607
2609,validation,2608
2610,test,2609
2611,validation,2610
2612,test,2611
2613,validation,2612
2614,test,2613
2615,validation,2614
2616,test,2615
2617,validation,2616
2618,test,2617
2619,validation,2618
2620,test,2619
2621,validation,2620
2622,test,2621
2623,validation,2622
2624,test,2623
2625,validation,2624
2626,test,2625
2627,validation,2626
2628,test,2627
2629,validation,2628
2630,test,2629
2631,validation,2630
2632,test,2631
2633,validation,2632
2634,test,2633
2635,validation,2634
2636,test,2635
2637,validation,2636
2638,test,2637
2639,validation,2638
2640,test,2639
2641,validation,2640
2642,test,2641
2643,validation,2642
2644,test,2643
2645,validation,2644
2646,test,2645
2647,test,2646
2648,validation,2647
2649,validation,2648
2650,test,2649
2651,validation,2650
2652,test,2651
2653,validation,2652
2654,test,2653
2655,validation,2654
2656,test,2655
2657,validation,2656
2658,test,2657
2659,validation,2658
2660,test,2659
2661,validation,2660
2662,test,2661
2663,validation,2662
2664,test,2663
2665,validation,2664
2666,test,2665
2667,validation,2666
2668,test,2667
2669,validation,2668
2670,test,2669
2671,validation,2670
2672,test,2671
2673,validation,2672
2674,test,2673
2675,validation,2674
2676,test,2675
2677,validation,2676
2678,test,2677
2679,validation,2678
2680,test,2679
2681,validation,2680
2682,test,2681
2683,validation,2682
2684,test,2683
2685,validation,2684
2686,test,2685
2687,validation,2686
2688,test,2687
2689,validation,2688
2690,test,2689
2691,validation,2690
2692,test,2691
2693,validation,2692
2694,test,2693
2695,validation,2694
2696,test,2695
2697,validation,2696
2698,test,2697
2699,validation,2698
2700,test,2699
2701,validation,2700
2702,test,2701
2703,validation,2702
2704,test,2703
2705,validation,2704
2706,test,2705
2707,test,2706
2708,validation,2707
2709,validation,2708
2710,test,2709
2711,validation,2710
2712,test,2711
2713,validation,2712
2714,test,2713
2715,validation,2714
2716,test,2715
2717,validation,2716
2718,test,2717
2719,validation,2718
2720,test,2719
2721,validation,2720
2722,test,2721
2723,validation,2722
2724,test,2723
2725,validation,2724
2726,test,2725
2727,validation,2726
2728,test,2727
2729,validation,2728
2730,test,2729
2731,validation,2730
2732,test,2731
2733,validation,2732
2734,test,2733
2735,validation,2734
2736,test,2735
2737,validation,2736
2738,test,2737
2739,validation,2738
2740,test,2739
2741,validation,2740
2742,test,2741
2743,validation,2742
2744,test,2743
2745,validation,2744
2746,test,2745
2747,validation,2746
2748,test,2747
2749,validation,2748
2750,test,2749
2751,validation,2750
2752,test,2751
2753,train,2752
2754,train,2753
2755,train,2754
2756,train,2755
2757,train,2756
2758,train,2757
2759,train,2758
2760,train,2759
2761,train,2760
2762,train,2761
2763,train,2762
2764,train,2763
2765,train,2764
2766,train,2765
2767,train,2766
2768,train,2767
2769,train,2768
2770,train,2769
2771,train,2770
2772,validation,2771
2773,test,2772
2774,train,2773
2775,train,2774
2776,train,2775
2777,train,2776
2778,train,2777
2779,train,2778
2780,train,2779
2781,train,2780
2782,train,2781
2783,train,2782
2784,train,2783
2785,train,2784
2786,train,2785
2787,train,2786
2788,train,2787
2789,train,2788
2790,train,2789
2791,train,2790
2792,train,2791
2793,train,2792
2794,train,2793
2795,train,2794
2796,test,2795
2797,validation,2796
2798,train,2797
2799,train,2798
2800,train,2799
2801,train,2800
2802,train,2801
2803,train,2802
2804,train,2803
2805,train,2804
2806,train,2805
2807,train,2806
2808,train,2807
2809,train,2808
2810,train,2809
2811,train,2810
2812,train,2811
2813,train,2812
2814,train,2813
2815,train,2814
2816,train,2815
2817,train,2816
2818,train,2817
2819,train,2818
2820,validation,2819
2821,test,2820
2822,train,2821
2823,train,2822
2824,train,2823
2825,train,2824
2826,train,2825
2827,train,2826
2828,train,2827
2829,train,2828
2830,train,2829
2831,train,2830
2832,train,2831
2833,train,2832
2834,train,2833
2835,train,2834
2836,train,2835
2837,train,2836
2838,train,2837
2839,train,2838
2840,train,2839
2841,train,2840
2842,train,2841
2843,train,2842
2844,validation,2843
2845,test,2844
2846,train,2845
2847,train,2846
2848,train,2847
2849,train,2848
2850,train,2849
2851,train,2850
2852,train,2851
2853,train,2852
2854,train,2853
2855,train,2854
2856,train,2855
2857,train,2856
2858,train,2857
2859,train,2858
2860,train,2859
2861,train,2860
2862,train,2861
2863,train,2862
2864,train,2863
2865,train,2864
2866,train,2865
2867,validation,2866
2868,test,2867
2869,train,2868
2870,train,2869
2871,train,2870
2872,train,2871
2873,train,2872
2874,train,2873
2875,train,2874
2876,train,2875
2877,train,2876
2878,train,2877
2879,train,2878
2880,train,2879
2881,train,2880
2882,train,2881
2883,train,2882
2884,train,2883
2885,train,2884
2886,train,2885
2887,train,2886
2888,train,2887
2889,train,2888
2890,train,2889
2891,validation,2890
2892,test,2891
2893,train,2892
2894,train,2893
2895,train,2894
2896,train,2895
2897,train,2896
2898,train,2897
2899,train,2898
2900,train,2899
2901,train,2900
2902,train,2901
2903,train,2902
2904,train,2903
2905,train,2904
2906,train,2905
2907,train,2906
2908,train,2907
2909,train,2908
2910,train,2909
2911,train,2910
2912,train,2911
2913,train,2912
2914,train,2913
2915,validation,2914
2916,test,2915
2917,train,2916
2918,train,2917
2919,train,2918
2920,train,2919
2921,train,2920
2922,train,2921
2923,train,2922
2924,train,2923
2925,train,2924
2926,train,2925
2927,train,2926
2928,train,2927
2929,train,2928
2930,train,2929
2931,train,2930
2932,train,2931
2933,train,2932
2934,train,2933
2935,train,2934
2936,train,2935
2937,train,2936
2938,train,2937
2939,validation,2938
2940,test,2939
2941,train,2940
2942,train,2941
2943,train,2942
2944,train,2943
2945,train,2944
2946,train,2945
2947,train,2946
2948,train,2947
2949,train,2948
2950,train,2949
2951,train,2950
2952,train,2951
2953,train,2952
2954,train,2953
2955,train,2954
2956,train,2955
2957,train,2956
2958,train,2957
2959,train,2958
2960,train,2959
2961,train,2960
2962,train,2961
2963,validation,2962
2964,test,2963
2965,train,2964
2966,train,2965
2967,train,2966
2968,train,2967
2969,train,2968
2970,train,2969
2971,train,2970
2972,train,2971
2973,train,2972
2974,train,2973
2975,train,2974
2976,train,2975
2977,train,2976
2978,train,2977
2979,train,2978
2980,train,2979
2981,train,2980
2982,train,2981
2983,train,2982
2984,train,2983
2985,train,2984
2986,test,2985
2987,validation,2986
2988,train,2987
2989,train,2988
2990,train,2989
2991,train,2990
2992,train,2991
2993,train,2992
2994,train,2993
2995,train,2994
2996,train,2995
2997,train,2996
2998,train,2997
2999,train,2998
3000,train,2999
3001,train,3000
3002,train,3001
3003,train,3002
3004,train,3003
3005,train,3004
3006,train,3005
3007,train,3006
3008,train,3007
3009,train,3008
3010,validation,3009
3011,test,3010
3012,train,3011
3013,train,3012
3014,train,3013
3015,train,3014
3016,train,3015
3017,train,3016
3018,train,3017
3019,train,3018
3020,train,3019
3021,train,3020
3022,train,3021
3023,train,3022
3024,train,3023
3025,train,3024
3026,train,3025
3027,train,3026
3028,train,3027
3029,train,3028
3030,train,3029
3031,train,3030
3032,train,3031
3033,train,3032
3034,validation,3033
3035,test,3034
3036,train,3035
3037,train,3036
3038,train,3037
3039,train,3038
3040,train,3039
3041,train,3040
3042,train,3041
3043,train,3042
3044,train,3043
3045,train,3044
3046,train,3045
3047,train,3046
3048,train,3047
3049,train,3048
3050,train,3049
3051,train,3050
3052,train,3051
3053,test,3052
3054,validation,3053
3055,train,3054
3056,train,3055
3057,train,3056
3058,train,3057
3059,train,3058
3060,validation,3059
3061,test,3060
3062,train,3061
3063,train,3062
3064,train,3063
3065,train,3064
3066,train,3065
3067,train,3066
3068,train,3067
3069,train,3068
3070,train,3069
3071,train,3070
3072,train,3071
3073,train,3072
3074,train,3073
3075,train,3074
3076,train,3075
3077,train,3076
3078,train,3077
3079,train,3078
3080,train,3079
3081,train,3080
3082,train,3081
3083,validation,3082
3084,test,3083
3085,train,3084
3086,train,3085
3087,train,3086
3088,train,3087
3089,train,3088
3090,train,3089
3091,train,3090
3092,train,3091
3093,train,3092
3094,train,3093
3095,train,3094
3096,train,3095
3097,train,3096
3098,train,3097
3099,train,3098
3100,train,3099
3101,train,3100
3102,train,3101
3103,train,3102
3104,train,3103
3105,train,3104
3106,train,3105
3107,validation,3106
3108,test,3107
3109,train,3108
3110,train,3109
3111,train,3110
3112,train,3111
3113,train,3112
3114,train,3113
3115,train,3114
3116,train,3115
3117,train,3116
3118,train,3117
3119,train,3118
3120,train,3119
3121,train,3120
3122,train,3121
3123,train,3122
3124,train,3123
3125,train,3124
3126,train,3125
3127,train,3126
3128,train,3127
3129,train,3128
3130,train,3129
3131,validation,3130
3132,test,3131
3133,train,3132
3134,train,3133
3135,train,3134
3136,train,3135
3137,train,3136
3138,train,3137
3139,train,3138
3140,train,3139
3141,train,3140
3142,train,3141
3143,train,3142
3144,train,3143
3145,train,3144
3146,train,3145
3147,train,3146
3148,train,3147
3149,train,3148
3150,train,3149
3151,train,3150
3152,train,3151
3153,train,3152
3154,train,3153
3155,validation,3154
3156,test,3155
3157,train,3156
3158,train,3157
3159,train,3158
3160,train,3159
3161,train,3160
3162,train,3161
3163,train,3162
3164,train,3163
3165,train,3164
3166,train,3165
3167,train,3166
3168,train,3167
3169,train,3168
3170,train,3169
3171,train,3170
3172,train,3171
3173,train,3172
3174,train,3173
3175,train,3174
3176,train,3175
3177,train,3176
3178,train,3177
3179,test,3178
3180,validation,3179
3181,validation,3180
3182,validation,3181
3183,validation,3180
3184,test,3178
3185,validation,3179
3186,validation,3180
3187,test,3182
3188,train,3183
3189,train,3184
3190,train,3185
3191,train,3186
3192,train,3187
3193,train,3188
3194,train,3189
3195,train,3190
3196,train,3191
3197,train,3192
3198,train,3193
3199,train,3194
3200,train,3195
3201,train,3196
3202,train,3197
3203,train,3198
3204,train,3199
3205,train,3200
3206,train,3201
3207,train,3202
3208,train,3203
3209,validation,3204
3210,test,3205
3211,train,3206
3212,train,3207
3213,train,3208
3214,train,3209
3215,train,3210
3216,train,3211
3217,train,3212
3218,train,3213
3219,train,3214
3220,train,3215
3221,train,3216
3222,train,3217
3223,train,3218
3224,train,3219
3225,train,3220
3226,train,3221
3227,train,3222
3228,train,3223
3229,train,3224
3230,train,3225
3231,train,3226
3232,test,3227
3233,train,3228
3234,validation,3229
3235,test,3230
3236,train,3231
3237,train,3232
3238,train,3233
3239,train,3234
3240,train,3235
3241,train,3236
3242,train,3237
3243,train,3238
3244,train,3239
3245,train,3240
3246,train,3241
3247,train,3242
3248,train,3243
3249,train,3244
3250,train,3245
3251,train,3246
3252,train,3247
3253,train,3248
3254,train,3249
3255,train,3250
3256,train,3251
3257,train,3252
3258,validation,3253
3259,test,3254
3260,train,3255
3261,train,3256
3262,train,3257
3263,train,3258
3264,train,3259
3265,train,3260
3266,train,3261
3267,train,3262
3268,train,3263
3269,train,3264
3270,train,3265
3271,train,3266
3272,train,3267
3273,train,3268
3274,train,3269
3275,train,3270
3276,train,3271
3277,train,3272
3278,train,3273
3279,train,3274
3280,train,3275
3281,train,3276
3282,validation,3277
3283,test,3278
3284,train,3279
3285,train,3280
3286,train,3281
3287,train,3282
3288,train,3283
3289,train,3284
3290,train,3285
3291,train,3286
3292,train,3287
3293,train,3288
3294,train,3289
3295,train,3290
3296,train,3291
3297,train,3292
3298,train,3293
3299,train,3294
3300,train,3295
3301,train,3296
3302,train,3297
3303,train,3298
3304,train,3299
3305,validation,3300
3306,test,3301
3307,train,3302
3308,train,3303
3309,train,3304
3310,train,3305
3311,train,3306
3312,train,3307
3313,train,3308
3314,train,3309
3315,train,3310
3316,train,3311
3317,train,3312
3318,train,3313
3319,train,3314
3320,train,3315
3321,train,3316
3322,train,3317
3323,train,3318
3324,train,3319
3325,train,3320
3326,train,3321
3327,train,3322
3328,train,3323
3329,validation,3324
3330,test,3325
3331,train,3326
3332,train,3327
3333,train,3328
3334,train,3329
3335,train,3330
3336,train,3331
3337,train,3332
3338,train,3333
3339,train,3334
3340,train,3335
3341,train,3336
3342,train,3337
3343,train,3338
3344,train,3339
3345,train,3340
3346,train,3341
3347,train,3342
3348,train,3343
3349,train,3344
3350,train,3345
3351,train,3346
3352,train,3347
3353,validation,3348
3354,test,3349
3355,train,3350
3356,train,3351
3357,train,3352
3358,train,3353
3359,train,3354
3360,train,3355
3361,train,3356
3362,train,3357
3363,train,3358
3364,train,3359
3365,train,3360
3366,train,3361
3367,train,3362
3368,train,3363
3369,train,3364
3370,train,3365
3371,train,3366
3372,train,3367
3373,train,3368
3374,train,3369
3375,train,3370
3376,train,3371
3377,validation,3372
3378,test,3373
3379,train,3374
3380,train,3375
3381,train,3376
3382,train,3377
3383,train,3378
3384,train,3379
3385,train,3380
3386,train,3381
3387,train,3382
3388,train,3383
3389,train,3384
3390,train,3385
3391,train,3386
3392,train,3387
3393,train,3388
3394,train,3389
3395,train,3390
3396,train,3391
3397,train,3392
3398,train,3393
3399,train,3394
3400,train,3395
3401,validation,3396
3402,test,3397
3403,train,3398
3404,train,3399
3405,train,3400
3406,train,3401
3407,train,3402
3408,train,3403
3409,train,3404
3410,train,3405
3411,train,3406
3412,train,3407
3413,train,3408
3414,train,3409
3415,train,3410
3416,train,3411
3417,train,3412
3418,train,3413
3419,train,3414
3420,train,3415
3421,train,3416
3422,train,3417
3423,train,3418
3424,validation,3419
3425,test,3420
3426,train,3421
3427,train,3422
3428,train,3423
3429,train,3424
3430,train,3425
3431,train,3426
3432,train,3427
3433,train,3428
3434,train,3429
3435,train,3430
3436,train,3431
3437,train,3432
3438,train,3433
3439,train,3434
3440,train,3435
3441,train,3436
3442,train,3437
3443,train,3438
3444,train,3439
3445,train,3440
3446,train,3441
3447,train,3442
3448,validation,3443
3449,test,3444
3450,train,3445
3451,train,3446
3452,train,3447
3453,train,3448
3454,train,3449
3455,train,3450
3456,train,3451
3457,train,3452
3458,train,3453
3459,train,3454
3460,train,3455
3461,train,3456
3462,train,3457
3463,train,3458
3464,train,3459
3465,train,3460
3466,train,3461
3467,train,3462
3468,train,3463
3469,train,3464
3470,train,3465
3471,train,3466
3472,validation,3467
3473,test,3468
3474,train,3469
3475,train,3470
3476,train,3471
3477,train,3472
3478,train,3473
3479,train,3474
3480,train,3475
3481,train,3476
3482,train,3477
3483,train,3478
3484,train,3479
3485,train,3480
3486,train,3481
3487,train,3482
3488,train,3483
3489,train,3484
3490,train,3485
3491,train,3486
3492,train,3487
3493,train,3488
3494,train,3489
3495,train,3490
3496,validation,3491
3497,test,3492
3498,train,3493
3499,train,3494
3500,train,3495
3501,train,3496
3502,train,3497
3503,train,3498
3504,train,3499
3505,train,3500
3506,train,3501
3507,train,3502
3508,train,3503
3509,train,3504
3510,train,3505
3511,train,3506
3512,train,3507
3513,train,3508
3514,train,3509
3515,train,3510
3516,train,3511
3517,train,3512
3518,train,3513
3519,test,3514
3520,validation,3515
3521,train,3516
3522,train,3517
3523,train,3518
3524,train,3519
3525,train,3520
3526,train,3521
3527,train,3522
3528,train,3523
3529,train,3524
3530,train,3525
3531,train,3526
3532,train,3527
3533,train,3528
3534,train,3529
3535,train,3530
3536,train,3531
3537,train,3532
3538,train,3533
3539,train,3534
3540,train,3535
3541,train,3536
3542,train,3537
3543,validation,3538
3544,test,3539
3545,train,3540
3546,train,3541
3547,train,3542
3548,train,3543
3549,train,3544
3550,train,3545
3551,train,3546
3552,train,3547
3553,train,3548
3554,train,3549
3555,train,3550
3556,train,3551
3557,train,3552
3558,train,3553
3559,train,3554
3560,train,3555
3561,train,3556
3562,train,3557
3563,train,3558
3564,train,3559
3565,train,3560
3566,train,3561
3567,validation,3562
3568,test,3563
3569,train,3564
3570,train,3565
3571,train,3566
3572,train,3567
3573,train,3568
3574,train,3569
3575,train,3570
3576,train,3571
3577,train,3572
3578,train,3573
3579,train,3574
3580,train,3575
3581,train,3576
3582,train,3577
3583,train,3578
3584,train,3579
3585,train,3580
3586,train,3581
3587,train,3582
3588,train,3583
3589,train,3584
3590,train,3585
3591,validation,3586
3592,test,3587
3593,train,3588
3594,train,3589
3595,train,3590
3596,train,3591
3597,train,3592
3598,train,3593
3599,train,3594
3600,train,3595
3601,train,3596
3602,train,3597
3603,train,3598
3604,train,3599
3605,validation,3600
3606,test,3601
3607,train,3602
3608,train,3603
3609,train,3604
3610,train,3605
3611,train,3606
3612,train,3607
3613,train,3608
3614,train,3609
3615,train,3610
3616,train,3611
3617,validation,3612
3618,test,3613
3619,train,3614
3620,train,3615
3621,train,3616
3622,train,3617
3623,train,3618
3624,train,3619
3625,train,3620
3626,train,3621
3627,train,3622
3628,train,3623
3629,train,3624
3630,train,3625
3631,train,3626
3632,train,3627
3633,train,3628
3634,train,3629
3635,train,3630
3636,train,3631
3637,train,3632
3638,train,3633
3639,train,3634
3640,validation,3635
3641,test,3636
3642,train,3637
3643,train,3638
3644,train,3639
3645,train,3640
3646,train,3641
3647,train,3642
3648,train,3643
3649,train,3644
3650,train,3645
3651,train,3646
3652,train,3647
3653,train,3648
3654,train,3649
3655,train,3650
3656,train,3651
3657,train,3652
3658,train,3653
3659,train,3654
3660,train,3655
3661,train,3656
3662,train,3657
3663,train,3658
3664,validation,719
3665,validation,3659
3666,test,3660
3667,train,3661
3668,train,3662
3669,train,3663
3670,train,3664
3671,train,3665
3672,train,3666
3673,train,3667
3674,train,3668
3675,train,3669
3676,train,3670
3677,train,3671
3678,train,3672
3679,train,3673
3680,train,3674
3681,train,3675
3682,train,3676
3683,train,3677
3684,train,3678
3685,train,3679
3686,train,3680
3687,train,3681
3688,train,3682
3689,validation,3683
3690,test,3684
3691,train,3685
3692,train,3686
3693,train,3687
3694,train,3688
3695,train,3689
3696,train,3690
3697,train,3691
3698,train,3692
3699,train,3693
3700,train,3694
3701,train,3695
3702,train,3696
3703,train,3697
3704,train,3698
3705,train,3699
3706,train,3700
3707,train,3701
3708,train,3702
3709,train,3703
3710,train,3704
3711,train,3705
3712,train,3706
3713,validation,3707
3714,test,3708
3715,train,3709
3716,train,3710
3717,train,3711
3718,train,3712
3719,train,3713
3720,train,3714
3721,train,3715
3722,train,3716
3723,train,3717
3724,train,3718
3725,train,3719
3726,train,3720
3727,train,3721
3728,train,3722
3729,train,3723
3730,train,3724
3731,train,3725
3732,train,3726
3733,train,3727
3734,train,3728
3735,train,3729
3736,validation,3730
3737,test,3731
3738,train,3732
3739,train,3733
3740,train,3734
3741,train,3735
3742,train,3736
3743,train,3737
3744,train,3738
3745,train,3739
3746,train,3740
3747,train,3741
3748,train,3742
3749,train,3743
3750,train,3744
3751,train,3745
3752,train,3746
3753,train,3747
3754,train,3748
3755,train,3749
3756,train,3750
3757,train,3751
3758,train,3752
3759,train,3753
3760,validation,3754
3761,test,3755
3762,train,3756
3763,train,3757
3764,train,3758
3765,train,3759
3766,train,3760
3767,train,3761
3768,train,3762
3769,train,3763
3770,train,3764
3771,train,3765
3772,train,3766
3773,train,3767
3774,train,3768
3775,train,3769
3776,train,3770
3777,train,3771
3778,train,3772
3779,train,3773
3780,train,3774
3781,train,3775
3782,train,3776
3783,train,3777
3784,validation,3778
3785,test,3779
3786,train,3780
3787,train,3781
3788,train,3782
3789,train,3783
3790,train,3784
3791,train,3785
3792,train,3786
3793,train,3787
3794,train,3788
3795,train,3789
3796,train,3790
3797,train,3791
3798,train,3792
3799,train,3793
3800,train,3794
3801,train,3795
3802,train,3796
3803,train,3797
3804,train,3798
3805,train,3799
3806,train,3800
3807,train,3801
3808,validation,3802
3809,test,3803
3810,train,3804
3811,train,3805
3812,train,3806
3813,train,3807
3814,train,3808
3815,train,3809
3816,train,3810
3817,train,3811
3818,train,3812
3819,train,3813
3820,train,3814
3821,train,3815
3822,train,3816
3823,train,3817
3824,train,3818
3825,train,3819
3826,train,3820
3827,train,3821
3828,train,3822
3829,train,3823
3830,test,1353
3831,train,3824
3832,train,3825
3833,validation,3826
3834,test,3827
3835,train,3828
3836,train,3829
3837,train,3830
3838,train,3831
3839,train,3832
3840,train,3833
3841,train,3834
3842,train,3835
3843,train,3836
3844,train,3837
3845,train,3838
3846,train,3839
3847,train,3840
3848,train,3841
3849,train,3842
3850,train,3843
3851,train,3844
3852,train,3845
3853,train,3846
3854,train,3847
3855,train,3848
3856,validation,3849
3857,test,3850
3858,train,3851
3859,train,3852
3860,train,3853
3861,train,3854
3862,train,3855
3863,train,3856
3864,train,3857
3865,train,3858
3866,train,3859
3867,train,3860
3868,train,3861
3869,train,3862
3870,train,3863
3871,train,3864
3872,train,3865
3873,train,3866
3874,train,3867
3875,train,3868
3876,train,3869
3877,train,3870
3878,train,3871
3879,train,3872
3880,validation,3873
3881,test,3874
3882,train,3875
3883,train,3876
3884,train,3877
3885,train,3878
3886,train,3879
3887,train,3880
3888,train,3881
3889,train,3882
3890,train,3883
3891,train,3884
3892,train,3885
3893,train,3886
3894,train,3887
3895,train,3888
3896,train,3889
3897,train,3890
3898,train,3891
3899,train,3892
3900,train,3893
3901,train,3894
3902,train,3895
3903,train,3896
3904,validation,3897
3905,test,3898
3906,train,3899
3907,train,3900
3908,train,3901
3909,train,3902
3910,train,3903
3911,train,3904
3912,train,3905
3913,train,3906
3914,train,3907
3915,train,3908
3916,train,3909
3917,train,3910
3918,train,3911
3919,train,3912
3920,train,3913
3921,train,3914
3922,train,3915
3923,train,3916
3924,train,3917
3925,train,3918
3926,train,3919
3927,train,3920
3928,validation,3921
3929,test,3922
3930,train,3923
3931,train,3924
3932,train,3925
3933,train,3926
3934,train,3927
3935,train,3928
3936,train,3929
3937,train,3930
3938,train,3931
3939,train,3932
3940,train,3933
3941,train,3934
3942,train,3935
3943,train,3936
3944,train,3937
3945,train,3938
3946,train,3939
3947,train,3940
3948,train,3941
3949,train,3942
3950,train,3943
3951,validation,3944
3952,test,3945
3953,train,3946
3954,train,3947
3955,train,3948
3956,train,3949
3957,train,3950
3958,train,3951
3959,train,3952
3960,train,3953
3961,train,3954
3962,train,3955
3963,train,3956
3964,train,3957
3965,train,3958
3966,train,3959
3967,train,3960
3968,train,3961
3969,train,3962
3970,train,3963
3971,train,3964
3972,train,3965
3973,train,3966
3974,train,3967
3975,validation,3968
3976,test,3969
3977,train,3970
3978,train,3971
3979,train,3972
3980,train,3973
3981,train,3974
3982,train,3975
3983,train,3976
3984,train,3977
3985,train,3978
3986,train,3979
3987,train,3980
3988,train,3981
3989,train,3982
3990,train,3983
3991,train,3984
3992,train,3985
3993,train,3986
3994,train,3987
3995,train,3988
3996,train,3989
3997,train,3990
3998,train,3991
3999,validation,3992
4000,test,3993
4001,train,3994
4002,train,3995
4003,train,3996
4004,train,3997
4005,train,3998
4006,train,3999
4007,train,4000
4008,train,4001
4009,train,4002
4010,train,4003
4011,train,4004
4012,train,4005
4013,train,4006
4014,train,4007
4015,train,4008
4016,train,4009
4017,train,4010
4018,train,4011
4019,train,4012
4020,train,4013
4021,train,4014
4022,train,4015
4023,validation,4016
4024,test,4017
4025,train,4018
4026,train,4019
4027,train,4020
4028,train,4021
4029,train,4022
4030,train,4023
4031,train,4024
4032,train,4025
4033,train,4026
4034,train,4027
4035,train,4028
4036,train,4029
4037,train,4030
4038,train,4031
4039,train,4032
4040,test,3601
4041,validation,3600
4042,train,4033
4043,train,4034
4044,train,4035
4045,train,4036
4046,train,4037
4047,train,4038
4048,train,4039
4049,validation,4040
4050,test,4041
4051,train,4042
4052,train,4043
4053,train,4044
4054,train,4045
4055,train,4046
4056,train,4047
4057,train,4048
4058,train,4049
4059,train,4050
4060,train,4051
4061,train,4052
4062,train,4053
4063,train,4054
4064,train,4055
4065,train,4056
4066,train,4057
4067,train,4058
4068,train,4059
4069,train,4060
4070,train,4061
4071,train,4062
4072,validation,4063
4073,test,4064
4074,train,4065
4075,train,4066
4076,train,4067
4077,train,4068
4078,train,4069
4079,train,4070
4080,train,4071
4081,train,4072
4082,train,4073
4083,train,4074
4084,train,4075
4085,train,4076
4086,train,4077
4087,train,4078
4088,train,4079
4089,train,4080
4090,train,4081
4091,train,4082
4092,train,4083
4093,train,4084
4094,train,4085
4095,train,4086
4096,validation,4087
4097,test,4088
4098,train,4089
4099,train,4090
4100,train,4091
4101,train,4092
4102,train,4093
4103,train,4094
4104,train,4095
4105,train,4096
4106,train,4097
4107,train,4098
4108,train,4099
4109,train,4100
4110,train,4101
4111,train,4102
4112,train,4103
4113,train,4104
4114,train,4105
4115,train,4106
4116,train,4107
4117,train,4108
4118,train,4109
4119,train,4110
4120,validation,4111
4121,test,4112
4122,train,4113
4123,train,4114
4124,train,4115
4125,train,4116
4126,train,4117
4127,train,4118
4128,train,4119
4129,train,4120
4130,train,4121
4131,train,4122
4132,train,4123
4133,train,4124
4134,train,4125
4135,train,4126
4136,train,4127
4137,train,4128
4138,train,4129
4139,train,4130
4140,train,4131
4141,train,4132
4142,train,4133
4143,train,4134
4144,validation,4135
4145,test,4136
4146,train,4137
4147,train,4138
4148,train,4139
4149,train,4140
4150,train,4141
4151,train,4142
4152,train,4143
4153,train,4144
4154,train,4145
4155,train,4146
4156,train,4147
4157,train,4148
4158,train,4149
4159,train,4150
4160,train,4151
4161,train,4152
4162,train,4153
4163,train,4154
4164,train,4155
4165,train,4156
4166,train,4157
4167,validation,4158
4168,test,4159
4169,train,4160
4170,train,4161
4171,train,4162
4172,train,4163
4173,train,4164
4174,train,4165
4175,train,4166
4176,train,4167
4177,train,4168
4178,train,4169
4179,train,4170
4180,train,4171
4181,train,4172
4182,train,4173
4183,train,4174
4184,train,4175
4185,train,4176
4186,train,4177
4187,train,4178
4188,train,4179
4189,train,4180
4190,train,4181
4191,validation,4182
4192,test,4183
4193,train,4184
4194,train,4185
4195,train,4186
4196,train,4187
4197,train,4188
4198,train,4189
4199,train,4190
4200,train,4191
4201,train,4192
4202,train,4193
4203,train,4194
4204,train,4195
4205,train,4196
4206,train,4197
4207,train,4198
4208,train,4199
4209,train,4200
4210,train,4201
4211,train,4202
4212,train,4203
4213,train,4204
4214,train,4205
4215,validation,4206
4216,test,4207
4217,train,4208
4218,train,4209
4219,train,4210
4220,train,4211
4221,train,4212
4222,train,4213
4223,train,4214
4224,train,4215
4225,train,4216
4226,train,4217
4227,train,4218
4228,train,4219
4229,train,4220
4230,train,4221
4231,train,4222
4232,train,4223
4233,train,4224
4234,train,4225
4235,train,4226
4236,train,4227
4237,train,4228
4238,train,4229
4239,validation,4230
4240,test,4231
4241,train,4232
4242,train,4233
4243,train,4234
4244,train,4235
4245,train,4236
4246,train,4237
4247,train,4238
4248,train,4239
4249,train,4240
4250,train,4241
4251,train,4242
4252,train,4243
4253,train,4244
4254,train,4245
4255,train,4246
4256,train,4247
4257,train,4248
4258,train,4249
4259,train,4250
4260,train,4251
4261,train,4252
4262,train,4253
4263,validation,4254
4264,test,4255
4265,train,4256
4266,train,4257
4267,train,4258
4268,train,4259
4269,train,4260
4270,train,4261
4271,train,4262
4272,train,4263
4273,train,4264
4274,train,4265
4275,train,4266
4276,train,4267
4277,train,4268
4278,train,4269
4279,train,4270
4280,train,4271
4281,train,4272
4282,train,4273
4283,train,4274
4284,train,4275
4285,train,4276
4286,validation,4277
4287,test,4278
4288,train,4279
4289,train,4280
4290,train,4281
4291,train,4282
4292,train,4283
4293,train,4284
4294,train,4285
4295,train,4286
4296,train,4287
4297,train,4288
4298,train,4289
4299,train,4290
4300,train,4291
4301,train,4292
4302,train,4293
4303,train,4294
4304,train,4295
4305,train,4296
4306,train,4297
4307,train,4298
4308,train,4299
4309,train,4300
4310,validation,4301
4311,test,4302
4312,train,4303
4313,train,4304
4314,train,4305
4315,train,4306
4316,train,4307
4317,train,4308
4318,train,4309
4319,train,4310
4320,train,4311
4321,train,4312
4322,train,4313
4323,train,4314
4324,train,4315
4325,train,4316
4326,train,4317
4327,train,4318
4328,train,4319
4329,train,4320
4330,train,4321
4331,train,4322
4332,train,4323
4333,train,4324
4334,validation,4325
4335,test,4326
4336,train,4327
4337,train,4328
4338,train,4329
4339,train,4330
4340,train,4331
4341,train,4332
4342,train,4333
4343,train,4334
4344,train,4335
4345,train,4336
4346,train,4337
4347,train,4338
4348,train,4339
4349,train,4340
4350,train,4341
4351,train,4342
4352,train,4343
4353,train,4344
4354,train,4345
4355,train,4346
4356,train,4347
4357,train,4348
4358,validation,4349
4359,test,4350
4360,train,4351
4361,train,4352
4362,train,4353
4363,train,4354
4364,train,4355
4365,train,4356
4366,train,4357
4367,train,4358
4368,train,4359
4369,train,4360
4370,train,4361
4371,train,4362
4372,train,4363
4373,train,4364
4374,train,4365
4375,train,4366
4376,train,4367
4377,train,4368
4378,train,4369
4379,train,4370
4380,train,4371
4381,validation,4372
4382,test,4373
4383,train,4374
4384,train,4375
4385,train,4376
4386,train,4377
4387,train,4378
4388,train,4379
4389,train,4380
4390,train,4381
4391,train,4382
4392,train,4383
4393,train,4384
4394,train,4385
4395,train,4386
4396,train,4387
4397,train,4388
4398,train,4389
4399,train,4390
4400,train,4391
4401,train,4392
4402,train,4393
4403,train,4394
4404,train,4395
4405,validation,4396
4406,test,4397
4407,train,4398
4408,train,4399
4409,train,4400
4410,train,4401
4411,train,4402
4412,train,4403
4413,train,4404
4414,train,4405
4415,train,4406
4416,train,4407
4417,train,4408
4418,train,4409
4419,train,4410
4420,train,4411
4421,train,4412
4422,train,4413
4423,train,4414
4424,train,4415
4425,train,4416
4426,train,4417
4427,train,4418
4428,train,4419
4429,validation,4420
4430,test,4421
4431,train,4422
4432,train,4423
4433,train,4424
4434,train,4425
4435,train,4426
4436,train,4427
4437,train,4428
4438,train,4429
4439,train,4430
4440,train,4431
4441,train,4432
4442,train,4433
4443,train,4434
4444,train,4435
4445,train,4436
4446,train,4437
4447,train,4438
4448,train,4439
4449,train,4440
4450,train,4441
4451,train,4442
4452,train,4443
4453,validation,4444
4454,test,4445
4455,train,4446
4456,train,4447
4457,train,4448
4458,train,4449
4459,train,4450
4460,train,4451
4461,train,4452
4462,train,4453
4463,train,4454
4464,train,4455
4465,train,4456
4466,train,4457
4467,train,4458
4468,train,4459
4469,train,4460
4470,train,4461
4471,train,4462
4472,train,4463
4473,train,4464
4474,train,4465
4475,train,4466
4476,train,4467
4477,validation,4468
4478,test,4469
4479,train,4470
4480,train,4471
4481,train,4472
4482,train,4473
4483,train,4474
4484,train,4475
4485,train,4476
4486,train,4477
4487,train,4478
4488,train,4479
4489,train,4480
4490,train,4481
4491,train,4482
4492,train,4483
4493,train,4484
4494,train,4485
4495,train,4486
4496,train,4487
4497,train,4488
4498,train,4489
4499,train,4490
4500,validation,4491
4501,test,4492
4502,train,4493
4503,train,4494
4504,train,4495
4505,train,4496
4506,train,4497
4507,train,4498
4508,train,4499
4509,train,4500
4510,train,4501
4511,train,4502
4512,train,4503
4513,train,4504
4514,train,4505
4515,train,4506
4516,train,4507
4517,train,4508
4518,train,4509
4519,train,4510
4520,train,4511
4521,train,4512
4522,train,4513
4523,train,4514
4524,validation,4515
4525,test,4516
4526,train,4517
4527,train,4518
4528,train,4519
4529,train,4520
4530,train,4521
4531,train,4522
4532,train,4523
4533,train,4524
4534,train,4525
4535,train,4526
4536,train,4527
4537,train,4528
4538,train,4529
4539,train,4530
4540,train,4531
4541,train,4532
4542,train,4533
4543,train,4534
4544,train,4535
4545,train,4536
4546,train,4537
4547,train,4538
4548,validation,4539
4549,test,4540
4550,train,4541
4551,train,4542
4552,train,4543
4553,train,4544
4554,train,4545
4555,train,4546
4556,train,4547
4557,train,4548
4558,train,4549
4559,train,4550
4560,train,4551
4561,train,4552
4562,train,4553
4563,train,4554
4564,train,4555
4565,train,4556
4566,train,4557
4567,train,4558
4568,train,4559
4569,train,4560
4570,train,4561
4571,train,4562
4572,validation,4563
4573,test,4564
4574,train,4565
4575,train,4566
4576,train,4567
4577,train,4568
4578,train,4569
4579,train,4570
4580,train,4571
4581,train,4572
4582,train,4573
4583,train,4574
4584,train,4575
4585,train,4576
4586,train,4577
4587,train,4578
4588,train,4579
4589,train,4580
4590,train,4581
4591,train,4582
4592,train,4583
4593,train,4584
4594,train,4585
4595,validation,4586
4596,test,4587
4597,train,4588
4598,train,4589
4599,train,4590
4600,train,4591
4601,train,4592
4602,train,4593
4603,train,4594
4604,train,4595
4605,train,4596
4606,train,4597
4607,train,4598
4608,train,4599
4609,train,4600
4610,train,4601
4611,train,4602
4612,train,4603
4613,train,4604
4614,train,4605
4615,train,4606
4616,train,4607
4617,train,4608
4618,train,4609
4619,validation,4610
4620,test,4611
4621,train,4612
4622,train,4613
4623,train,4614
4624,train,4615
4625,train,4616
4626,train,4617
4627,train,4618
4628,train,4619
4629,train,4620
4630,train,4621
4631,train,4622
4632,train,4623
4633,train,4624
4634,train,4625
4635,train,4626
4636,train,4627
4637,train,4628
4638,train,4629
4639,train,4630
4640,train,4631
4641,train,4632
4642,train,4633
4643,validation,4634
4644,test,4635
4645,train,4636
4646,train,4637
4647,train,4638
4648,train,4639
4649,train,4640
4650,train,4641
4651,train,4642
4652,train,4643
4653,train,4644
4654,train,4645
4655,train,4646
4656,train,4647
4657,train,4648
4658,train,4649
4659,train,4650
4660,train,4651
4661,train,4652
4662,train,4653
4663,train,4654
4664,train,4655
4665,train,4656
4666,train,4657
4667,validation,4658
4668,test,4659
4669,train,4660
4670,train,4661
4671,train,4662
4672,train,4663
4673,train,4664
4674,train,4665
4675,train,4666
4676,train,4667
4677,train,4668
4678,train,4669
4679,train,4670
4680,train,4671
4681,train,4672
4682,train,4673
4683,train,4674
4684,train,4675
4685,train,4676
4686,train,4677
4687,train,4678
4688,train,4679
4689,train,4680
4690,train,4681
4691,validation,4682
4692,test,4683
4693,train,4684
4694,train,4685
4695,train,4686
4696,train,4687
4697,train,4688
4698,train,4689
4699,train,4690
4700,train,4691
4701,train,4692
4702,train,4693
4703,train,4694
4704,train,4695
4705,train,4696
4706,train,4697
4707,train,4698
4708,train,4699
4709,train,4700
4710,train,4701
4711,train,4702
4712,train,4703
4713,train,4704
4714,validation,4705
4715,test,4706
4716,train,4707
4717,train,4708
4718,train,4709
4719,train,4710
4720,train,4711
4721,train,4712
4722,train,4713
4723,train,4714
4724,train,4715
4725,train,4716
4726,train,4717
4727,train,4718
4728,train,4719
4729,train,4720
4730,train,4721
4731,train,4722
4732,train,4723
4733,train,4724
4734,train,4725
4735,train,4726
4736,train,4727
4737,train,4728
4738,validation,4729
4739,test,4730
4740,train,4731
4741,train,4732
4742,train,4733
4743,train,4734
4744,train,4735
4745,train,4736
4746,train,4737
4747,train,4738
4748,train,4739
4749,train,4740
4750,train,4741
4751,train,4742
4752,train,4743
4753,train,4744
4754,train,4745
4755,train,4746
4756,train,4747
4757,train,4748
4758,train,4749
4759,train,4750
4760,train,4751
4761,train,4752
4762,test,4753
4763,validation,4754
4764,train,4755
4765,train,4756
4766,train,4757
4767,train,4758
4768,train,4759
4769,train,4760
4770,train,4761
4771,train,4762
4772,train,4763
4773,train,4764
4774,train,4765
4775,train,4766
4776,train,4767
4777,train,4768
4778,train,4769
4779,train,4770
4780,train,4771
4781,train,4772
4782,train,4773
4783,train,4774
4784,train,4775
4785,train,4776
4786,validation,4777
4787,test,4778
4788,train,4779
4789,train,4780
4790,train,4781
4791,train,4782
4792,train,4783
4793,train,4784
4794,train,4785
4795,train,4786
4796,train,4787
4797,train,4788
4798,train,4789
4799,train,4790
4800,train,4791
4801,train,4792
4802,train,4793
4803,train,4794
4804,train,4795
4805,train,4796
4806,train,4797
4807,train,4798
4808,train,4799
4809,validation,4800
4810,test,4801
4811,train,4802
4812,train,4803
4813,train,4804
4814,train,4805
4815,train,4806
4816,train,4807
4817,train,4808
4818,train,4809
4819,train,4810
4820,train,4811
4821,train,4812
4822,train,4813
4823,train,4814
4824,train,4815
4825,train,4816
4826,train,4817
4827,train,4818
4828,train,4819
4829,train,4820
4830,train,4821
4831,train,4822
4832,train,4823
4833,validation,4824
4834,test,4825
4835,train,4826
4836,train,4827
4837,train,4828
4838,train,4829
4839,train,4830
4840,train,4831
4841,train,4832
4842,train,4833
4843,train,4834
4844,train,4835
4845,train,4836
4846,train,4837
4847,train,4838
4848,train,4839
4849,train,4840
4850,train,4841
4851,train,4842
4852,train,4843
4853,train,4844
4854,train,4845
4855,train,4846
4856,train,4847
4857,validation,4848
4858,test,4849
4859,train,4850
4860,train,4851
4861,train,4852
4862,train,4853
4863,train,4854
4864,train,4855
4865,train,4856
4866,train,4857
4867,train,4858
4868,train,4859
4869,train,4860
4870,train,4861
4871,train,4862
4872,train,4863
4873,train,4864
4874,train,4865
4875,train,4866
4876,train,4867
4877,train,4868
4878,train,4869
4879,train,4870
4880,train,4871
4881,validation,4872
4882,test,4873
4883,train,4874
4884,train,4875
4885,train,4876
4886,train,4877
4887,train,4878
4888,train,4879
4889,train,4880
4890,train,4881
4891,train,4882
4892,train,4883
4893,train,4884
4894,train,4885
4895,train,4886
4896,train,4887
4897,train,4888
4898,train,4889
4899,train,4890
4900,train,4891
4901,train,4892
4902,train,4893
4903,train,4894
4904,train,4895
4905,validation,4896
4906,test,4897
4907,train,4898
4908,train,4899
4909,train,4900
4910,train,4901
4911,train,4902
4912,train,4903
4913,train,4904
4914,train,4905
4915,train,4906
4916,train,4907
4917,train,4908
4918,train,4909
4919,train,4910
4920,train,4911
4921,train,4912
4922,train,4913
4923,train,4914
4924,train,4915
4925,train,4916
4926,train,4917
4927,train,4918
4928,validation,4919
4929,test,4920
4930,train,4921
4931,train,4922
4932,train,4923
4933,train,4924
4934,train,4925
4935,train,4926
4936,train,4927
4937,train,4928
4938,train,4929
4939,train,4930
4940,train,4931
4941,train,4932
4942,train,4933
4943,train,4934
4944,train,4935
4945,train,4936
4946,train,4937
4947,train,4938
4948,train,4939
4949,train,4940
4950,train,4941
4951,train,4942
4952,validation,4943
4953,test,4944
4954,train,4945
4955,train,4946
4956,train,4947
4957,train,4948
4958,train,4949
4959,train,4950
4960,train,4951
4961,train,4952
4962,train,4953
4963,train,4954
4964,train,4955
4965,train,4956
4966,train,4957
4967,train,4958
4968,train,4959
4969,train,4960
4970,train,4961
4971,train,4962
4972,train,4963
4973,train,4964
4974,train,4965
4975,train,4966
4976,validation,4967
4977,test,4968
4978,train,4969
4979,train,4970
4980,train,4971
4981,train,4972
4982,train,4973
4983,train,4974
4984,train,4975
4985,train,4976
4986,train,4977
4987,train,4978
4988,train,4979
4989,train,4980
4990,train,4981
4991,train,4982
4992,train,4983
4993,train,4984
4994,train,4985
4995,train,4986
4996,train,4987
4997,train,4988
4998,train,4989
4999,train,4990
5000,validation,4991
5001,test,4992
5002,train,4993
5003,train,4994
5004,train,4995
5005,train,4996
5006,train,4997
5007,train,4998
5008,train,4999
5009,train,5000
5010,train,5001
5011,train,5002
5012,train,5003
5013,train,5004
5014,train,5005
5015,train,5006
5016,train,5007
5017,train,5008
5018,train,5009
5019,train,5010
5020,train,5011
5021,train,5012
5022,train,5013
5023,validation,5014
5024,test,5015
5025,train,5016
5026,train,5017
5027,train,5018
5028,train,5019
5029,train,5020
5030,train,5021
5031,train,5022
5032,train,5023
5033,train,5024
5034,train,5025
5035,train,5026
5036,train,5027
5037,train,5028
5038,train,5029
5039,train,5030
5040,train,5031
5041,train,5032
5042,train,5033
5043,train,5034
5044,train,5035
5045,train,5036
5046,train,5037
5047,validation,5038
5048,test,5039
5049,train,5040
5050,train,5041
5051,train,5042
5052,train,5043
5053,train,5044
5054,train,5045
5055,train,5046
5056,train,5047
5057,train,5048
5058,train,5049
5059,train,5050
5060,train,5051
5061,train,5052
5062,train,5053
5063,train,5054
5064,train,5055
5065,train,5056
5066,train,5057
5067,train,5058
5068,train,5059
5069,train,5060
5070,train,5061
5071,validation,5062
5072,test,5063
5073,train,5064
5074,train,5065
5075,train,5066
5076,train,5067
5077,train,5068
5078,train,5069
5079,train,5070
5080,train,5071
5081,train,5072
5082,train,5073
5083,train,5074
5084,train,5075
5085,train,5076
5086,train,5077
5087,train,5078
5088,train,5079
5089,train,5080
5090,train,5081
5091,train,5082
5092,train,5083
5093,train,5084
5094,train,5085
5095,validation,5086
5096,test,5087
5097,train,5088
5098,train,5089
5099,train,5090
5100,train,5091
5101,train,5092
5102,train,5093
5103,train,5094
5104,train,5095
5105,train,5096
5106,train,5097
5107,train,5098
5108,train,5099
5109,train,5100
5110,train,5101
5111,train,5102
5112,train,5103
5113,train,5104
5114,train,5105
5115,train,5106
5116,train,5107
5117,train,5108
5118,train,5109
5119,validation,5110
5120,test,5111
5121,train,5112
5122,train,5113
5123,train,5114
5124,train,5115
5125,train,5116
5126,train,5117
5127,train,5118
5128,train,5119
5129,train,5120
5130,train,5121
5131,train,5122
5132,train,5123
5133,train,5124
5134,train,5125
5135,train,5126
5136,train,5127
5137,train,5128
5138,train,5129
5139,train,5130
5140,train,5131
5141,train,5132
5142,validation,5133
5143,test,5134
5144,train,5135
5145,train,5136
5146,train,5137
5147,train,5138
5148,train,5139
5149,train,5140
5150,train,5141
5151,train,5142
5152,train,5143
5153,train,5144
5154,train,5145
5155,train,5146
5156,train,5147
5157,train,5148
5158,train,5149
5159,train,5150
5160,train,5151
5161,train,5152
5162,train,5153
5163,train,5154
5164,train,5155
5165,train,5156
5166,validation,5157
5167,test,5158
5168,train,5159
5169,train,5160
5170,train,5161
5171,train,5162
5172,train,5163
5173,train,5164
5174,train,5165
5175,train,5166
5176,train,5167
5177,train,5168
5178,train,5169
5179,train,5170
5180,train,5171
5181,train,5172
5182,train,5173
5183,train,5174
5184,train,5175
5185,train,5176
5186,train,5177
5187,train,5178
5188,train,5179
5189,train,5180
5190,validation,5181
5191,test,5182
5192,train,5183
5193,train,5184
5194,train,5185
5195,train,5186
5196,train,5187
5197,train,5188
5198,train,5189
5199,train,5190
5200,train,5191
5201,train,5192
5202,train,5193
5203,train,5194
5204,train,5195
5205,train,5196
5206,train,5197
5207,train,5198
5208,train,5199
5209,train,5200
5210,train,5201
5211,train,5202
5212,train,5203
5213,train,5204
5214,validation,5205
5215,test,5206
5216,train,5207
5217,train,5208
5218,train,5209
5219,train,5210
5220,train,5211
5221,train,5212
5222,train,5213
5223,train,5214
5224,train,5215
5225,train,5216
5226,train,5217
5227,train,5218
5228,train,5219
5229,train,5220
5230,train,5221
5231,train,5222
5232,train,5223
5233,train,5224
5234,train,5225
5235,train,5226
5236,train,5227
5237,validation,5228
5238,test,5229
5239,train,5230
5240,train,5231
5241,train,5232
5242,train,5233
5243,train,5234
5244,train,5235
5245,train,5236
5246,train,5237
5247,train,5238
5248,train,5239
5249,train,5240
5250,train,5241
5251,train,5242
5252,train,5243
5253,train,5244
5254,train,5245
5255,train,5246
5256,train,5247
5257,train,5248
5258,train,5249
5259,train,5250
5260,train,5251
5261,validation,5252
5262,test,5253
5263,train,5254
5264,train,5255
5265,train,5256
5266,train,5257
5267,train,5258
5268,train,5259
5269,train,5260
5270,train,5261
5271,train,5262
5272,train,5263
5273,train,5264
5274,train,5265
5275,train,5266
5276,train,5267
5277,train,5268
5278,train,5269
5279,train,5270
5280,train,5271
5281,train,5272
5282,train,5273
5283,train,5274
5284,train,5275
5285,validation,5276
5286,test,5277
5287,train,5278
5288,train,5279
5289,train,5280
5290,train,5281
5291,train,5282
5292,train,5283
5293,train,5284
5294,train,5285
5295,train,5286
5296,train,5287
5297,train,5288
5298,train,5289
5299,train,5290
5300,train,5291
5301,train,5292
5302,train,5293
5303,train,5294
5304,train,5295
5305,train,5296
5306,train,5297
5307,train,5298
5308,train,5299
5309,validation,5300
5310,test,5301
5311,train,5302
5312,train,5303
5313,train,5304
5314,train,5305
5315,train,5306
5316,train,5307
5317,train,5308
5318,train,5309
5319,train,5310
5320,train,5311
5321,train,5312
5322,train,5313
5323,train,5314
5324,train,5315
5325,train,5316
5326,train,5317
5327,train,5318
5328,train,5319
5329,train,5320
5330,train,5321
5331,train,5322
5332,train,5323
5333,validation,5324
5334,test,5325
5335,train,5326
5336,train,5327
5337,train,5328
5338,train,5329
5339,train,5330
5340,train,5331
5341,train,5332
5342,train,5333
5343,train,5334
5344,train,5335
5345,train,5336
5346,train,5337
5347,train,5338
5348,train,5339
5349,train,5340
5350,train,5341
5351,train,5342
5352,train,5343
5353,train,5344
5354,train,5345
5355,train,5346
5356,validation,5347
5357,test,5348
5358,train,5349
5359,train,5350
5360,train,5351
5361,train,5352
5362,train,5353
5363,train,5354
5364,train,5355
5365,train,5356
5366,train,5357
5367,train,5358
5368,train,5359
5369,train,5360
5370,train,5361
5371,train,5362
5372,train,5363
5373,train,5364
5374,train,5365
5375,train,5366
5376,train,5367
5377,train,5368
5378,train,5369
5379,train,5370
5380,validation,5371
5381,test,5372
5382,train,5373
5383,train,5374
5384,train,5375
5385,train,5376
5386,train,5377
5387,train,5378
5388,train,5379
5389,train,5380
5390,train,5381
5391,train,5382
5392,train,5383
5393,train,5384
5394,train,5385
5395,train,5386
5396,train,5387
5397,train,5388
5398,train,5389
5399,train,5390
5400,train,5391
5401,train,5392
5402,train,5393
5403,train,5394
5404,validation,5395
5405,test,5396
5406,train,5397
5407,train,5398
5408,train,5399
5409,train,5400
5410,train,5401
5411,train,5402
5412,train,5403
5413,train,5404
5414,train,5405
5415,train,5406
5416,train,5407
5417,train,5408
5418,train,5409
5419,train,5410
5420,train,5411
5421,train,5412
5422,train,5413
5423,train,5414
5424,train,5415
5425,train,5416
5426,train,5417
5427,train,5418
5428,validation,5419
5429,test,5420
5430,train,5421
5431,train,5422
5432,train,5423
5433,train,5424
5434,train,5425
5435,train,5426
5436,train,5427
5437,train,5428
5438,train,5429
5439,train,5430
5440,train,5431
5441,train,5432
5442,train,5433
5443,train,5434
5444,train,5435
5445,train,5436
5446,train,5437
5447,train,5438
5448,train,5439
5449,train,5440
5450,train,5441
5451,validation,5442
5452,test,5443
5453,train,5444
5454,train,5445
5455,train,5446
5456,train,5447
5457,train,5448
5458,train,5449
5459,train,5450
5460,train,5451
5461,train,5452
5462,train,5453
5463,train,5454
5464,train,5455
5465,train,5456
5466,train,5457
5467,train,5458
5468,train,5459
5469,train,5460
5470,train,5461
5471,train,5462
5472,train,5463
5473,train,5464
5474,train,5465
5475,validation,5466
5476,test,5467
5477,train,5468
5478,train,5469
5479,train,5470
5480,train,5471
5481,train,5472
5482,train,5473
5483,train,5474
5484,train,5475
5485,train,5476
5486,train,5477
5487,train,5478
5488,train,5479
5489,train,5480
5490,train,5481
5491,train,5482
5492,train,5483
5493,train,5484
5494,train,5485
5495,train,5486
5496,train,5487
5497,train,5488
5498,train,5489
5499,validation,5490
5500,test,5491
5501,train,5492
5502,train,5493
5503,train,5494
5504,train,5495
5505,train,5496
5506,train,5497
5507,train,5498
5508,train,5499
5509,train,5500
5510,train,5501
5511,train,5502
5512,train,5503
5513,train,5504
5514,train,5505
5515,train,5506
5516,train,5507
5517,train,5508
5518,train,5509
5519,train,5510
5520,train,5511
5521,train,5512
5522,train,5513
5523,validation,5514
5524,test,5515
5525,train,5516
5526,train,5517
5527,train,5518
5528,train,5519
5529,train,5520
5530,train,5521
5531,train,5522
5532,train,5523
5533,train,5524
5534,train,5525
5535,train,5526
5536,train,5527
5537,train,5528
5538,train,5529
5539,train,5530
5540,train,5531
5541,train,5532
5542,train,5533
5543,train,5534
5544,train,5535
5545,train,5536
5546,train,5537
5547,test,5538
5548,validation,5539
5549,train,5540
5550,train,5541
5551,train,5542
5552,train,5543
5553,train,5544
5554,train,5545
5555,train,5546
5556,train,5547
5557,train,5548
5558,train,5549
5559,train,5550
5560,train,5551
5561,train,5552
5562,train,5553
5563,train,5554
5564,train,5555
5565,train,5556
5566,train,5557
5567,train,5558
5568,train,5559
5569,train,5560
5570,validation,5561
5571,test,5562
5572,train,5563
5573,train,5564
5574,train,5565
5575,train,5566
5576,train,5567
5577,train,5568
5578,train,5569
5579,train,5570
5580,train,5571
5581,train,5572
5582,train,5573
5583,train,5574
5584,train,5575
5585,train,5576
5586,train,5577
5587,train,5578
5588,train,5579
5589,train,5580
5590,train,5581
5591,train,5582
5592,train,5583
5593,train,5584
5594,validation,5585
5595,test,5586
5596,train,5587
5597,train,5588
5598,train,5589
5599,train,5590
5600,train,5591
5601,train,5592
5602,train,5593
5603,train,5594
5604,train,5595
5605,train,5596
5606,train,5597
5607,train,5598
5608,train,5599
5609,train,5600
5610,train,5601
5611,train,5602
5612,train,5603
5613,train,5604
5614,train,5605
5615,train,5606
5616,train,5607
5617,train,5608
5618,validation,5609
5619,test,5610
5620,train,5611
5621,train,5612
5622,train,5613
5623,train,5614
5624,train,5615
5625,train,5616
5626,train,5617
5627,train,5618
5628,train,5619
5629,train,5620
5630,train,5621
5631,train,5622
5632,train,5623
5633,train,5624
5634,train,5625
5635,train,5626
5636,train,5627
5637,train,5628
5638,train,5629
5639,train,5630
5640,train,5631
5641,train,5632
5642,validation,5633
5643,test,5634
5644,train,5635
5645,train,5636
5646,train,5637
5647,train,5638
5648,train,5639
5649,train,5640
5650,train,5641
5651,train,5642
5652,train,5643
5653,train,5644
5654,train,5645
5655,train,5646
5656,train,5647
5657,train,5648
5658,train,5649
5659,train,5650
5660,train,5651
5661,train,5652
5662,train,5653
5663,train,5654
5664,train,5655
5665,validation,5656
5666,test,5657
5667,train,5658
5668,train,5659
5669,train,5660
5670,train,5661
5671,train,5662
5672,train,5663
5673,validation,5664
5674,train,5665
5675,train,5666
5676,train,5667
5677,train,5668
5678,train,5669
5679,train,5670
5680,train,5671
5681,train,5672
5682,train,5673
5683,train,5674
5684,train,5675
5685,train,5676
5686,train,5677
5687,train,5678
5688,train,5679
5689,train,5680
5690,validation,5681
5691,test,5682
5692,train,5683
5693,train,5684
5694,train,5685
5695,train,5686
5696,train,5687
5697,train,5688
5698,train,5689
5699,train,5690
5700,train,5691
5701,train,5692
5702,train,5693
5703,train,5694
5704,train,5695
5705,train,5696
5706,train,5697
5707,train,5698
5708,train,5699
5709,train,5700
5710,train,5701
5711,train,5702
5712,train,5703
5713,train,5704
5714,validation,5705
5715,test,5706
5716,train,5707
5717,train,5708
5718,train,5709
5719,train,5710
5720,train,5711
5721,train,5712
5722,train,5713
5723,train,5714
5724,train,5715
5725,train,5716
5726,train,5717
5727,train,5718
5728,train,5719
5729,train,5720
5730,train,5721
5731,train,5722
5732,train,5723
5733,train,5724
5734,train,5725
5735,train,5726
5736,train,5727
5737,train,5728
5738,validation,5729
5739,test,5730
5740,train,5731
5741,train,5732
5742,train,5733
5743,train,5734
5744,train,5735
5745,train,5736
5746,train,5737
5747,train,5738
5748,train,5739
5749,train,5740
5750,train,5741
5751,train,5742
5752,train,5743
5753,train,5744
5754,train,5745
5755,train,5746
5756,train,5747
5757,train,5748
5758,train,5749
5759,train,5750
5760,train,5751
5761,train,5752
5762,validation,5753
5763,test,5754
5764,train,5755
5765,train,5756
5766,train,5757
5767,train,5758
5768,train,5759
5769,train,5760
5770,train,5761
5771,train,5762
5772,train,5763
5773,train,5764
5774,train,5765
5775,train,5766
5776,train,5767
5777,train,5768
5778,train,5769
5779,train,5770
5780,train,5771
5781,train,5772
5782,train,5773
5783,train,5774
5784,train,5775
5785,validation,5776
5786,test,5777
5787,train,5778
5788,train,5779
5789,train,5780
5790,train,5781
5791,train,5782
5792,train,5783
5793,train,5784
5794,train,5785
5795,train,5786
5796,train,5787
5797,train,5788
5798,train,5789
5799,train,5790
5800,train,5791
5801,train,5792
5802,train,5793
5803,train,5794
5804,train,5795
5805,train,5796
5806,train,5797
5807,train,5798
5808,train,5799
5809,validation,5800
5810,test,5801
5811,train,5802
5812,train,5803
5813,train,5804
5814,train,5805
5815,train,5806
5816,train,5807
5817,train,5808
5818,train,5809
5819,train,5810
5820,train,5811
5821,train,5812
5822,train,5813
5823,train,5814
5824,train,5815
5825,train,5816
5826,train,5817
5827,train,5818
5828,train,5819
5829,train,5820
5830,train,5821
5831,train,5822
5832,train,5823
5833,validation,5824
5834,test,5825
5835,train,5826
5836,train,5827
5837,train,5828
5838,train,5829
5839,train,5830
5840,train,5831
5841,train,5832
5842,train,5833
5843,train,5834
5844,train,5835
5845,train,5836
5846,train,5837
5847,train,5838
5848,train,5839
5849,train,5840
5850,train,5841
5851,train,5842
5852,train,5843
5853,train,5844
5854,train,5845
5855,train,5846
5856,train,5847
5857,validation,5848
5858,test,5849
5859,train,5850
5860,train,5851
5861,train,5852
5862,train,5853
5863,train,5854
5864,train,5855
5865,train,5856
5866,train,5857
5867,train,5858
5868,train,5859
5869,train,5860
5870,train,5861
5871,train,5862
5872,train,5863
5873,train,5864
5874,train,5865
5875,train,5866
5876,train,5867
5877,train,5868
5878,train,5869
5879,train,5870
5880,validation,5871
5881,test,5872
5882,train,5873
5883,train,5874
5884,train,5875
5885,train,5876
5886,train,5877
5887,train,5878
5888,train,5879
5889,train,5880
5890,train,5881
5891,train,5882
5892,train,5883
5893,train,5884
5894,train,5885
5895,train,5886
5896,train,5887
5897,train,5888
5898,train,5889
5899,train,5890
5900,train,5891
5901,train,5892
5902,train,5893
5903,train,5894
5904,validation,5895
5905,test,5896
5906,train,5897
5907,train,5898
5908,train,5899
5909,train,5900
5910,train,5901
5911,train,5902
5912,train,5903
5913,train,5904
5914,train,5905
5915,train,5906
5916,train,5907
5917,train,5908
5918,train,5909
5919,train,5910
5920,train,5911
5921,train,5912
5922,train,5913
5923,train,5914
5924,train,5915
5925,train,5916
5926,train,5917
5927,train,5918
5928,validation,5919
5929,test,5920
5930,train,5921
5931,train,5922
5932,train,5923
5933,train,5924
5934,train,5925
5935,train,5926
5936,train,5927
5937,train,5928
5938,train,5929
5939,train,5930
5940,train,5931
5941,train,5932
5942,train,5933
5943,train,5934
5944,train,5935
5945,train,5936
5946,train,5937
5947,train,5938
5948,train,5939
5949,train,5940
5950,train,5941
5951,train,5942
5952,validation,5943
5953,test,5944
5954,train,5945
5955,train,5946
5956,train,5947
5957,train,5948
5958,train,5949
5959,train,5950
5960,train,5951
5961,train,5952
5962,train,5953
5963,train,5954
5964,train,5955
5965,train,5956
5966,train,5957
5967,train,5958
5968,train,5959
5969,train,5960
5970,train,5961
5971,train,5962
5972,train,5963
5973,train,5964
5974,train,5965
5975,train,5966
5976,validation,5967
5977,test,5968
5978,train,5969
5979,train,5970
5980,train,5971
5981,train,5972
5982,train,5973
5983,train,5974
5984,train,5975
5985,train,5976
5986,train,5977
5987,train,5978
5988,train,5979
5989,train,5980
5990,train,5981
5991,train,5982
5992,train,5983
5993,train,5984
5994,train,5985
5995,train,5986
5996,train,5987
5997,train,5988
5998,train,5989
5999,validation,5990
6000,test,5991
6001,train,5992
6002,train,5993
6003,train,5994
6004,train,5995
6005,train,5996
6006,train,5997
6007,train,5998
6008,train,5999
6009,train,6000
6010,train,6001
6011,train,6002
6012,train,6003
6013,train,6004
6014,train,6005
6015,train,6006
6016,train,6007
6017,train,6008
6018,train,6009
6019,train,6010
6020,train,6011
6021,train,6012
6022,train,6013
6023,validation,6014
6024,test,6015
6025,train,6016
6026,train,6017
6027,train,6018
6028,train,6019
6029,train,6020
6030,train,6021
6031,train,6022
6032,train,6023
6033,train,6024
6034,train,6025
6035,train,6026
6036,train,6027
6037,train,6028
6038,train,6029
6039,train,6030
6040,train,6031
6041,train,6032
6042,train,6033
6043,train,6034
6044,train,6035
6045,train,6036
6046,train,6037
6047,validation,6038
6048,test,6039
6049,train,6040
6050,train,6041
6051,train,6042
6052,train,6043
6053,train,6044
6054,train,6045
6055,train,6046
6056,train,6047
6057,train,6048
6058,train,6049
6059,train,6050
6060,train,6051
6061,train,6052
6062,train,6053
6063,train,6054
6064,train,6055
6065,train,6056
6066,train,6057
6067,train,6058
6068,train,6059
6069,train,6060
6070,train,6061
6071,validation,6062
6072,test,6063
6073,train,6064
6074,train,6065
6075,train,6066
6076,train,6067
6077,train,6068
6078,train,6069
6079,train,6070
6080,train,6071
6081,train,6072
6082,train,6073
6083,train,6074
6084,train,6075
6085,train,6076
6086,train,6077
6087,train,6078
6088,train,6079
6089,train,6080
6090,train,6081
6091,train,6082
6092,train,6083
6093,train,6084
6094,validation,6085
6095,test,6086
6096,train,6087
6097,train,6088
6098,train,6089
6099,train,6090
6100,train,6091
6101,train,6092
6102,train,6093
6103,train,6094
6104,train,6095
6105,train,6096
6106,train,6097
6107,train,6098
6108,train,6099
6109,train,6100
6110,train,6101
6111,train,6102
6112,train,6103
6113,train,6104
6114,train,6105
6115,train,6106
6116,train,6107
6117,train,6108
6118,validation,6109
6119,test,6110
6120,train,6111
6121,train,6112
6122,train,6113
6123,train,6114
6124,train,6115
6125,train,6116
6126,train,6117
6127,train,6118
6128,train,6119
6129,train,6120
6130,train,6121
6131,train,6122
6132,train,6123
6133,train,6124
6134,train,6125
6135,train,6126
6136,train,6127
6137,train,6128
6138,train,6129
6139,train,6130
6140,train,6131
6141,train,6132
6142,validation,6133
6143,test,6134
6144,train,6135
6145,train,6136
6146,train,6137
6147,train,6138
6148,train,6139
6149,train,6140
6150,train,6141
6151,train,6142
6152,train,6143
6153,train,6144
6154,train,6145
6155,train,6146
6156,train,6147
6157,train,6148
6158,train,6149
6159,train,6150
6160,train,6151
6161,train,6152
6162,train,6153
6163,train,6154
6164,train,6155
6165,train,6156
6166,validation,6157
6167,test,6158
6168,train,6159
6169,train,6160
6170,train,6161
6171,train,6162
6172,train,6163
6173,train,6164
6174,train,6165
6175,train,6166
6176,train,6167
6177,train,6168
6178,train,6169
6179,train,6170
6180,train,6171
6181,train,6172
6182,train,6173
6183,train,6174
6184,train,6175
6185,train,6176
6186,train,6177
6187,train,6178
6188,train,6179
6189,train,6180
6190,validation,6181
6191,test,6182
6192,train,6183
6193,train,6184
6194,train,6185
6195,train,6186
6196,train,6187
6197,train,6188
6198,train,6189
6199,train,6190
6200,train,6191
6201,train,6192
6202,train,6193
6203,train,6194
6204,train,6195
6205,train,6196
6206,train,6197
6207,train,6198
6208,train,6199
6209,train,6200
6210,train,6201
6211,train,6202
6212,train,6203
6213,validation,6204
6214,test,6205
6215,train,6206
6216,train,6207
6217,train,6208
6218,train,6209
6219,train,6210
6220,train,6211
6221,train,6212
6222,train,6213
6223,train,6214
6224,train,6215
6225,train,6216
6226,train,6217
6227,train,6218
6228,train,6219
6229,train,6220
6230,train,6221
6231,train,6222
6232,train,6223
6233,train,6224
6234,train,6225
6235,train,6226
6236,train,6227
6237,validation,6228
6238,test,6229
6239,train,6230
6240,train,6231
6241,train,6232
6242,train,6233
6243,train,6234
6244,train,6235
6245,train,6236
6246,train,6237
6247,train,6238
6248,train,6239
6249,train,6240
6250,train,6241
6251,train,6242
6252,train,6243
6253,train,6244
6254,train,6245
6255,train,6246
6256,train,6247
6257,train,6248
6258,train,6249
6259,train,6250
6260,train,6251
6261,validation,6252
6262,test,6253
6263,train,6254
6264,train,6255
6265,train,6256
6266,train,6257
6267,train,6258
6268,validation,5664
6269,train,6259
6270,train,6260
6271,train,6261
6272,train,6262
6273,train,6263
6274,train,6264
6275,train,6265
6276,train,6266
6277,train,6267
6278,train,6268
6279,train,6269
6280,train,6270
6281,train,6271
6282,train,6272
6283,train,6273
6284,train,6274
6285,train,6275
6286,validation,6276
6287,test,6277
6288,train,6278
6289,train,6279
6290,train,6280
6291,train,6281
6292,train,6282
6293,train,6283
6294,train,6284
6295,train,6285
6296,train,6286
6297,train,6287
6298,train,6288
6299,train,6289
6300,train,6290
6301,train,6291
6302,train,6292
6303,train,6293
6304,train,6294
6305,train,6295
6306,train,6296
6307,train,6297
6308,train,6298
6309,validation,6299
6310,test,6300
6311,train,6301
6312,train,6302
6313,train,6303
6314,train,6304
6315,train,6305
6316,train,6306
6317,train,6307
6318,train,6308
6319,train,6309
6320,train,6310
6321,train,6311
6322,train,6312
6323,train,6313
6324,train,6314
6325,train,6315
6326,train,6316
6327,train,6317
6328,train,6318
6329,train,6319
6330,train,6320
6331,train,6321
6332,train,6322
6333,validation,6323
6334,test,6324
6335,train,6325
6336,train,6326
6337,train,6327
6338,train,6328
6339,train,6329
6340,train,6330
6341,train,6331
6342,train,6332
6343,train,6333
6344,train,6334
6345,train,6335
6346,train,6336
6347,train,6337
6348,train,6338
6349,train,6339
6350,train,6340
6351,train,6341
6352,train,6342
6353,train,6343
6354,train,6344
6355,train,6345
6356,train,6346
6357,validation,6347
6358,test,6348
6359,train,6349
6360,train,6350
6361,train,6351
6362,train,6352
6363,train,6353
6364,train,6354
6365,train,6355
6366,train,6356
6367,train,6357
6368,train,6358
6369,train,6359
6370,train,6360
6371,train,6361
6372,train,6362
6373,train,6363
6374,train,6364
6375,train,6365
6376,train,6366
6377,train,6367
6378,train,6368
6379,train,6369
6380,train,6370
6381,validation,6371
6382,test,6372
6383,train,6373
6384,train,6374
6385,train,6375
6386,train,6376
6387,train,6377
6388,train,6378
6389,train,6379
6390,train,6380
6391,train,6381
6392,train,6382
6393,train,6383
6394,train,6384
6395,train,6385
6396,train,6386
6397,train,6387
6398,train,6388
6399,train,6389
6400,train,6390
6401,train,6391
6402,train,6392
6403,train,6393
6404,train,6394
6405,validation,6395
6406,test,6396
6407,train,6397
6408,train,6398
6409,train,6399
6410,train,6400
6411,train,6401
6412,train,6402
6413,train,6403
6414,train,6404
6415,train,6405
6416,train,6406
6417,train,6407
6418,train,6408
6419,train,6409
6420,train,6410
6421,train,6411
6422,train,6412
6423,train,6413
6424,train,6414
6425,train,6415
6426,train,6416
6427,train,6417
6428,validation,6418
6429,test,6419
6430,train,6420
6431,train,6421
6432,train,6422
6433,train,6423
6434,train,6424
6435,train,6425
6436,train,6426
6437,train,6427
6438,train,6428
6439,train,6429
6440,train,6430
6441,train,6431
6442,train,6432
6443,train,6433
6444,train,6434
6445,train,6435
6446,train,6436
6447,train,6437
6448,train,6438
6449,train,6439
6450,train,6440
6451,train,6441
6452,validation,6442
6453,test,6443
6454,train,6444
6455,train,6445
6456,train,6446
6457,train,6447
6458,train,6448
6459,train,6449
6460,train,6450
6461,train,6451
6462,train,6452
6463,train,6453
6464,train,6454
6465,train,6455
6466,train,6456
6467,train,6457
6468,train,6458
6469,train,6459
6470,train,6460
6471,train,6461
6472,train,6462
6473,train,6463
6474,train,6464
6475,train,6465
6476,validation,6466
6477,test,6467
6478,train,6468
6479,train,6469
6480,train,6470
6481,train,6471
6482,train,6472
6483,train,6473
6484,train,6474
6485,train,6475
6486,train,6476
6487,train,6477
6488,train,6478
6489,train,6479
6490,train,6480
6491,train,6481
6492,train,6482
6493,train,6483
6494,train,6484
6495,train,6485
6496,train,6486
6497,train,6487
6498,train,6488
6499,train,6489
6500,validation,6490
6501,test,6491
6502,train,6492
6503,train,6493
6504,train,6494
6505,train,6495
6506,train,6496
6507,train,6497
6508,train,6498
6509,train,6499
6510,train,6500
6511,train,6501
6512,train,6502
6513,train,6503
6514,train,6504
6515,train,6505
6516,train,6506
6517,train,6507
6518,train,6508
6519,train,6509
6520,train,6510
6521,train,6511
6522,train,6512
6523,validation,6513
6524,test,6514
6525,train,6515
6526,train,6516
6527,train,6517
6528,train,6518
6529,train,6519
6530,train,6520
6531,train,6521
6532,train,6522
6533,train,6523
6534,train,6524
6535,train,6525
6536,train,6526
6537,train,6527
6538,train,6528
6539,train,6529
6540,train,6530
6541,train,6531
6542,train,6532
6543,train,6533
6544,train,6534
6545,train,6535
6546,train,6536
6547,validation,6537
6548,test,6538
6549,train,6539
6550,train,6540
6551,train,6541
6552,train,6542
6553,train,6543
6554,train,6544
6555,train,6545
6556,train,6546
6557,train,6547
6558,train,6548
6559,train,6549
6560,train,6550
6561,train,6551
6562,train,6552
6563,train,6553
6564,train,6554
6565,train,6555
6566,train,6556
6567,train,6557
6568,train,6558
6569,train,6559
6570,train,6560
6571,validation,6561
6572,test,6562
6573,train,6563
6574,train,6564
6575,train,6565
6576,train,6566
6577,train,6567
6578,train,6568
6579,train,6569
6580,train,6570
6581,train,6571
6582,train,6572
6583,train,6573
6584,train,6574
6585,train,6575
6586,train,6576
6587,train,6577
6588,train,6578
6589,train,6579
6590,train,6580
6591,train,6581
6592,train,6582
6593,train,6583
6594,train,6584
6595,validation,6585
6596,test,6586
6597,train,6587
6598,train,6588
6599,train,6589
6600,train,6590
6601,train,6591
6602,train,6592
6603,train,6593
6604,train,6594
6605,train,6595
6606,train,6596
6607,train,6597
6608,train,6598
6609,train,6599
6610,train,6600
6611,train,6601
6612,train,6602
6613,train,6603
6614,train,6604
6615,train,6605
6616,train,6606
6617,train,6607
6618,train,6608
6619,validation,6609
6620,test,6610
6621,train,6611
6622,train,6612
6623,train,6613
6624,train,6614
6625,train,6615
6626,train,6616
6627,train,6617
6628,train,6618
6629,train,6619
6630,train,6620
6631,train,6621
6632,train,6622
6633,train,6623
6634,train,6624
6635,train,6625
6636,train,6626
6637,train,6627
6638,train,6628
6639,train,6629
6640,train,6630
6641,train,6631
6642,validation,6632
6643,test,6633
6644,train,6634
6645,train,6635
6646,train,6636
6647,train,6637
6648,train,6638
6649,train,6639
6650,train,6640
6651,train,6641
6652,train,6642
6653,train,6643
6654,train,6644
6655,train,6645
6656,train,6646
6657,train,6647
6658,train,6648
6659,train,6649
6660,train,6650
6661,train,6651
6662,train,6652
6663,train,6653
6664,train,6654
6665,train,6655
6666,validation,6656
6667,test,6657
6668,train,6658
6669,train,6659
6670,train,6660
6671,train,6661
6672,train,6662
6673,train,6663
6674,train,6664
6675,train,6665
6676,train,6666
6677,train,6667
6678,train,6668
6679,train,6669
6680,train,6670
6681,train,6671
6682,train,6672
6683,train,6673
6684,train,6674
6685,train,6675
6686,train,6676
6687,train,6677
6688,train,6678
6689,train,6679
6690,validation,6680
6691,test,6681
6692,train,6682
6693,train,6683
6694,train,6684
6695,train,6685
6696,train,6686
6697,train,6687
6698,train,6688
6699,train,6689
6700,train,6690
6701,train,6691
6702,train,6692
6703,train,6693
6704,train,6694
6705,train,6695
6706,train,6696
6707,train,6697
6708,train,6698
6709,train,6699
6710,train,6700
6711,train,6701
6712,train,6702
6713,train,6703
6714,validation,6704
6715,test,6705
6716,test,6706
6717,test,6707
6718,train,6708
6719,train,6709
6720,train,6710
6721,train,6711
6722,train,6712
6723,train,6713
6724,train,6714
6725,train,6715
6726,train,6716
6727,train,6717
6728,train,6718
6729,train,6719
6730,train,6720
6731,train,6721
6732,train,6722
6733,train,6723
6734,train,6724
6735,train,6725
6736,train,6726
6737,train,6727
6738,train,6728
6739,validation,6729
6740,test,6730
6741,train,6731
6742,train,6732
6743,train,6733
6744,train,6734
6745,train,6735
6746,train,6736
6747,train,6737
6748,train,6738
6749,train,6739
6750,train,6740
6751,train,6741
6752,train,6742
6753,train,6743
6754,train,6744
6755,train,6745
6756,train,6746
6757,train,6747
6758,train,6748
6759,train,6749
6760,train,6750
6761,train,6751
6762,train,6752
6763,validation,6753
6764,test,6754
6765,train,6755
6766,train,6756
6767,train,6757
6768,train,6758
6769,train,6759
6770,train,6760
6771,train,6761
6772,train,6762
6773,train,6763
6774,train,6764
6775,train,6765
6776,train,6766
6777,train,6767
6778,train,6768
6779,train,6769
6780,train,6770
6781,train,6771
6782,train,6772
6783,train,6773
6784,train,6774
6785,train,6775
6786,train,6776
6787,validation,6777
6788,test,6778
6789,train,6779
6790,train,6780
6791,train,6781
6792,train,6782
6793,train,6783
6794,train,6784
6795,train,6785
6796,train,6786
6797,train,6787
6798,train,6788
6799,train,6789
6800,train,6790
6801,train,6791
6802,train,6792
6803,train,6793
6804,train,6794
6805,train,6795
6806,train,6796
6807,train,6797
6808,train,6798
6809,train,6799
6810,train,6800
6811,validation,6801
6812,test,6802
6813,train,6803
6814,train,6804
6815,train,6805
6816,train,6806
6817,train,6807
6818,train,6808
6819,train,6809
6820,train,6810
6821,train,6811
6822,train,6812
6823,train,6813
6824,train,6814
6825,train,6815
6826,train,6816
6827,train,6817
6828,train,6818
6829,train,6819
6830,train,6820
6831,train,6821
6832,train,6822
6833,train,6823
6834,train,6824
6835,validation,6825
6836,test,6826
6837,train,6827
6838,train,6828
6839,train,6829
6840,train,6830
6841,train,6831
6842,train,6832
6843,train,6833
6844,train,6834
6845,train,6835
6846,train,6836
6847,train,6837
6848,train,6838
6849,train,6839
6850,train,6840
6851,train,6841
6852,train,6842
6853,train,6843
6854,train,6844
6855,train,6845
6856,train,6846
6857,train,6847
6858,validation,6848
6859,test,6849
6860,train,6850
6861,train,6851
6862,train,6852
6863,train,6853
6864,train,6854
6865,train,6855
6866,train,6856
6867,train,6857
6868,train,6858
6869,train,6859
6870,train,6860
6871,train,6861
6872,train,6862
6873,train,6863
6874,train,6864
6875,train,6865
6876,train,6866
6877,train,6867
6878,train,6868
6879,train,6869
6880,train,6870
6881,train,6871
6882,validation,6872
6883,test,6873
6884,validation,3053
6885,train,6874
6886,train,6875
6887,train,6876
6888,train,6877
6889,train,6878
6890,train,6879
6891,train,6880
6892,train,6881
6893,train,6882
6894,train,6883
6895,train,6884
6896,train,6885
6897,train,6886
6898,train,6887
6899,test,3052
6900,train,6888
6901,train,6889
6902,train,6890
6903,train,6891
6904,train,6892
6905,train,6893
6906,train,6894
6907,train,6895
6908,validation,6896
6909,test,6897
6910,train,6898
6911,train,6899
6912,train,6900
6913,train,6901
6914,train,6902
6915,train,6903
6916,train,6904
6917,train,6905
6918,train,6906
6919,train,6907
6920,train,6908
6921,train,6909
6922,train,6910
6923,train,6911
6924,train,6912
6925,train,6913
6926,train,6914
6927,train,6915
6928,train,6916
6929,train,6917
6930,train,6918
6931,train,6919
6932,validation,6920
6933,test,6921
6934,train,6922
6935,train,6923
6936,train,6924
6937,train,6925
6938,train,6926
6939,train,6927
6940,train,6928
6941,train,6929
6942,train,6930
6943,train,6931
6944,train,6932
6945,train,6933
6946,train,6934
6947,train,6935
6948,train,6936
6949,train,6937
6950,train,6938
6951,train,6939
6952,train,6940
6953,train,6941
6954,train,6942
6955,validation,6943
6956,test,6944
6957,train,6945
6958,train,6946
6959,train,6947
6960,train,6948
6961,train,6949
6962,train,6950
6963,train,6951
6964,train,6952
6965,train,6953
6966,train,6954
6967,train,6955
6968,train,6956
6969,train,6957
6970,train,6958
6971,train,6959
6972,train,6960
6973,train,6961
6974,train,6962
6975,train,6963
6976,train,6964
6977,train,6965
6978,train,6966
6979,validation,6967
6980,test,6968
6981,train,6969
6982,train,6970
6983,train,6971
6984,train,6972
6985,train,6973
6986,train,6974
6987,train,6975
6988,train,6976
6989,train,6977
6990,train,6978
6991,train,6979
6992,train,6980
6993,train,6981
6994,train,6982
6995,train,6983
6996,train,6984
6997,train,6985
6998,train,6986
6999,train,6987
7000,train,6988
7001,train,6989
7002,train,6990
7003,validation,6991
7004,test,6992
7005,train,6993
7006,train,6994
7007,train,6995
7008,train,6996
7009,train,6997
7010,train,6998
7011,train,6999
7012,train,7000
7013,train,7001
7014,train,7002
7015,train,7003
7016,train,7004
7017,train,7005
7018,train,7006
7019,train,7007
7020,train,7008
7021,train,7009
7022,train,7010
7023,train,7011
7024,train,7012
7025,train,7013
7026,train,7014
7027,validation,7015
7028,test,7016
7029,train,7017
7030,train,7018
7031,train,7019
7032,train,7020
7033,train,7021
7034,train,7022
7035,train,7023
7036,train,7024
7037,train,7025
7038,train,7026
7039,train,7027
7040,train,7028
7041,train,7029
7042,train,7030
7043,train,7031
7044,train,7032
7045,train,7033
7046,train,7034
7047,train,7035
7048,train,7036
7049,train,7037
7050,train,7038
7051,validation,7039
7052,test,7040
7053,train,7041
7054,train,7042
7055,train,7043
7056,train,7044
7057,train,7045
7058,train,7046
7059,train,7047
7060,train,7048
7061,train,7049
7062,train,7050
7063,train,7051
7064,train,7052
7065,train,7053
7066,train,7054
7067,train,7055
7068,train,7056
7069,train,7057
7070,train,7058
7071,train,7059
7072,train,7060
7073,train,7061
7074,validation,7062
7075,test,7063
7076,train,7064
7077,train,7065
7078,train,7066
7079,train,7067
7080,train,7068
7081,train,7069
7082,train,7070
7083,train,7071
7084,train,7072
7085,train,7073
7086,train,7074
7087,train,7075
7088,train,7076
7089,train,7077
7090,train,7078
7091,train,7079
7092,train,7080
7093,train,7081
7094,train,7082
7095,train,7083
7096,train,7084
7097,train,7085
7098,validation,7086
7099,test,7087
7100,train,7088
7101,train,7089
7102,train,7090
7103,train,7091
7104,train,7092
7105,train,7093
7106,train,7094
7107,train,7095
7108,train,7096
7109,train,7097
7110,train,7098
7111,train,7099
7112,train,7100
7113,train,7101
7114,train,7102
7115,train,7103
7116,train,7104
7117,train,7105
7118,train,7106
7119,train,7107
7120,train,7108
7121,train,7109
7122,validation,7110
7123,test,7111
7124,train,7112
7125,train,7113
7126,train,7114
7127,train,7115
7128,train,7116
7129,train,7117
7130,train,7118
7131,train,7119
7132,train,7120
7133,train,7121
7134,train,7122
7135,train,7123
7136,train,7124
7137,train,7125
7138,train,7126
7139,train,7127
7140,train,7128
7141,train,7129
7142,train,7130
7143,train,7131
7144,train,7132
7145,train,7133
7146,validation,7134
7147,test,7135
7148,train,7136
7149,train,7137
7150,train,7138
7151,train,7139
7152,train,7140
7153,train,7141
7154,train,7142
7155,train,7143
7156,train,7144
7157,train,7145
7158,train,7146
7159,train,7147
7160,train,7148
7161,train,7149
7162,train,7150
7163,train,7151
7164,train,7152
7165,train,7153
7166,train,7154
7167,train,7155
7168,train,7156
7169,validation,7157
7170,test,7158
7171,train,7159
7172,train,7160
7173,train,7161
7174,train,7162
7175,train,7163
7176,train,7164
7177,train,7165
7178,train,7166
7179,train,7167
7180,train,7168
7181,train,7169
7182,train,7170
7183,train,7171
7184,train,7172
7185,train,7173
7186,train,7174
7187,train,7175
7188,train,7176
7189,train,7177
7190,train,7178
7191,train,7179
7192,train,7180
7193,validation,7181
7194,test,7182
7195,train,7183
7196,train,7184
7197,train,7185
7198,train,7186
7199,train,7187
7200,train,7188
7201,train,7189
7202,train,7190
7203,train,7191
7204,train,7192
7205,train,7193
7206,train,7194
7207,train,7195
7208,train,7196
7209,train,7197
7210,train,7198
7211,train,7199
7212,train,7200
7213,train,7201
7214,train,7202
7215,train,7203
7216,train,7204
7217,validation,7205
7218,test,7206
7219,train,7207
7220,train,7208
7221,train,7209
7222,train,7210
7223,train,7211
7224,train,7212
7225,train,7213
7226,train,7214
7227,train,7215
7228,train,7216
7229,train,7217
7230,train,7218
7231,train,7219
7232,train,7220
7233,train,7221
7234,train,7222
7235,train,7223
7236,train,7224
7237,train,7225
7238,train,7226
7239,train,7227
7240,train,7228
7241,validation,7229
7242,test,7230
7243,train,7231
7244,train,7232
7245,train,7233
7246,train,7234
7247,train,7235
7248,train,7236
7249,train,7237
7250,train,7238
7251,train,7239
7252,train,7240
7253,train,7241
7254,train,7242
7255,train,7243
7256,train,7244
7257,train,7245
7258,train,7246
7259,train,7247
7260,train,7248
7261,train,7249
7262,train,7250
7263,train,7251
7264,train,7252
7265,validation,7253
7266,test,7254
7267,train,7255
7268,train,7256
7269,train,7257
7270,train,7258
7271,train,7259
7272,train,7260
7273,train,7261
7274,train,7262
7275,train,7263
7276,train,7264
7277,train,7265
7278,train,7266
7279,train,7267
7280,train,7268
7281,train,7269
7282,train,7270
7283,train,7271
7284,train,7272
7285,train,7273
7286,train,7274
7287,train,7275
7288,validation,7276
7289,test,7277
7290,train,7278
7291,train,7279
7292,train,7280
7293,train,7281
7294,train,7282
7295,train,7283
7296,train,7284
7297,train,7285
7298,train,7286
7299,train,7287
7300,train,7288
7301,train,7289
7302,train,7290
7303,train,7291
7304,train,7292
7305,train,7293
7306,train,7294
7307,train,7295
7308,train,7296
7309,train,7297
7310,train,7298
7311,train,7299
7312,validation,7300
7313,test,7301
7314,train,7302
7315,train,7303
7316,train,7304
7317,train,7305
7318,train,7306
7319,train,7307
7320,train,7308
7321,train,7309
7322,train,7310
7323,train,7311
7324,train,7312
7325,train,7313
7326,train,7314
7327,train,7315
7328,train,7316
7329,train,7317
7330,train,7318
7331,train,7319
7332,train,7320
7333,train,7321
7334,train,7322
7335,train,7323
7336,validation,7324
7337,test,7325
7338,train,7326
7339,train,7327
7340,train,7328
7341,train,7329
7342,train,7330
7343,train,7331
7344,train,7332
7345,train,7333
7346,train,7334
7347,train,7335
7348,train,7336
7349,train,7337
7350,train,7338
7351,train,7339
7352,train,7340
7353,train,7341
7354,train,7342
7355,train,7343
7356,train,7344
7357,train,7345
7358,train,7346
7359,train,7347
7360,validation,7348
7361,test,7349
7362,train,7350
7363,train,7351
7364,train,7352
7365,train,7353
7366,train,7354
7367,train,7355
7368,train,7356
7369,train,7357
7370,train,7358
7371,train,7359
7372,train,7360
7373,train,7361
7374,train,7362
7375,train,7363
7376,train,7364
7377,train,7365
7378,train,7366
7379,train,7367
7380,train,7368
7381,train,7369
7382,train,7370
7383,validation,7371
7384,test,7372
7385,train,7373
7386,train,7374
7387,train,7375
7388,train,7376
7389,train,7377
7390,train,7378
7391,train,7379
7392,train,7380
7393,train,7381
7394,train,7382
7395,train,7383
7396,train,7384
7397,train,7385
7398,train,7386
7399,train,7387
7400,train,7388
7401,train,7389
7402,train,7390
7403,train,7391
7404,train,7392
7405,train,7393
7406,train,7394
7407,validation,7395
7408,test,7396
7409,train,7397
7410,train,7398
7411,train,7399
7412,train,7400
7413,train,7401
7414,train,7402
7415,train,7403
7416,train,7404
7417,train,7405
7418,train,7406
7419,train,7407
7420,train,7408
7421,train,7409
7422,train,7410
7423,train,7411
7424,train,7412
7425,train,7413
7426,train,7414
7427,train,7415
7428,train,7416
7429,train,7417
7430,train,7418
7431,test,7419
7432,validation,7420
7433,train,7421
7434,train,7422
7435,train,7423
7436,train,7424
7437,train,7425
7438,train,7426
7439,train,7427
7440,train,7428
7441,train,7429
7442,train,7430
7443,train,7431
7444,train,7432
7445,train,7433
7446,train,7434
7447,train,7435
7448,train,7436
7449,train,7437
7450,train,7438
7451,train,7439
7452,train,7440
7453,train,7441
7454,train,7442
7455,validation,7443
7456,test,7444
7457,train,7445
7458,train,7446
7459,train,7447
7460,train,7448
7461,train,7449
7462,train,7450
7463,train,7451
7464,train,7452
7465,train,7453
7466,train,7454
7467,train,7455
7468,train,7456
7469,train,7457
7470,train,7458
7471,train,7459
7472,train,7460
7473,train,7461
7474,train,7462
7475,train,7463
7476,train,7464
7477,train,7465
7478,train,7466
7479,test,7467
7480,validation,7468
7481,train,7469
7482,train,7470
7483,train,7471
7484,train,7472
7485,train,7473
7486,train,7474
7487,train,7475
7488,train,7476
7489,train,7477
7490,train,7478
7491,train,7479
7492,train,7480
7493,train,7481
7494,train,7482
7495,train,7483
7496,train,7484
7497,train,7485
7498,train,7486
7499,train,7487
7500,train,7488
7501,train,7489
7502,validation,7490
7503,test,7491
7504,train,7492
7505,train,7493
7506,train,7494
7507,train,7495
7508,train,7496
7509,train,7497
7510,train,7498
7511,train,7499
7512,train,7500
7513,train,7501
7514,train,7502
7515,train,7503
7516,train,7504
7517,train,7505
7518,train,7506
7519,train,7507
7520,train,7508
7521,train,7509
7522,train,7510
7523,train,7511
7524,train,7512
7525,train,7513
7526,validation,7514
7527,test,7515
7528,train,7516
7529,train,7517
7530,train,7518
7531,train,7519
7532,train,7520
7533,train,7521
7534,train,7522
7535,train,7523
7536,train,7524
7537,train,7525
7538,train,7526
7539,train,7527
7540,train,7528
7541,train,7529
7542,train,7530
7543,train,7531
7544,train,7532
7545,train,7533
7546,train,7534
7547,train,7535
7548,train,7536
7549,train,7537
7550,validation,7538
7551,test,7539
7552,train,7540
7553,train,7541
7554,train,7542
7555,train,7543
7556,train,7544
7557,train,7545
7558,train,7546
7559,train,7547
7560,train,7548
7561,train,7549
7562,train,7550
7563,train,7551
7564,train,7552
7565,train,7553
7566,train,7554
7567,train,7555
7568,train,7556
7569,train,7557
7570,train,7558
7571,train,7559
7572,train,7560
7573,train,7561
7574,validation,7562
7575,test,7563
7576,train,7564
7577,train,7565
7578,train,7566
7579,train,7567
7580,train,7568
7581,train,7569
7582,train,7570
7583,train,7571
7584,train,7572
7585,train,7573
7586,train,7574
7587,train,7575
7588,train,7576
7589,train,7577
7590,train,7578
7591,train,7579
7592,train,7580
7593,train,7581
7594,train,7582
7595,train,7583
7596,train,7584
7597,validation,7585
7598,test,7586
7599,train,7587
7600,train,7588
7601,train,7589
7602,train,7590
7603,train,7591
7604,train,7592
7605,train,7593
7606,train,7594
7607,train,7595
7608,train,7596
7609,train,7597
7610,train,7598
7611,train,7599
7612,train,7600
7613,train,7601
7614,train,7602
7615,train,7603
7616,train,7604
7617,train,7605
7618,train,7606
7619,train,7607
7620,train,7608
7621,validation,7609
7622,test,7610
7623,train,7611
7624,train,7612
7625,train,7613
7626,train,7614
7627,train,7615
7628,train,7616
7629,train,7617
7630,train,7618
7631,train,7619
7632,train,7620
7633,train,7621
7634,train,7622
7635,train,7623
7636,train,7624
7637,train,7625
7638,train,7626
7639,train,7627
7640,train,7628
7641,train,7629
7642,train,7630
7643,train,7631
7644,train,7632
7645,validation,7633
7646,test,7634
7647,train,7635
7648,train,7636
7649,train,7637
7650,train,7638
7651,train,7639
7652,train,7640
7653,train,7641
7654,train,7642
7655,train,7643
7656,train,7644
7657,train,7645
7658,train,7646
7659,train,7647
7660,train,7648
7661,train,7649
7662,train,7650
7663,train,7651
7664,train,7652
7665,train,7653
7666,train,7654
7667,train,7655
7668,train,7656
7669,validation,7657
7670,test,7658
7671,train,7659
7672,train,7660
7673,train,7661
7674,train,7662
7675,train,7663
7676,train,7664
7677,train,7665
7678,train,7666
7679,train,7667
7680,train,7668
7681,train,7669
7682,train,7670
7683,train,7671
7684,train,7672
7685,train,7673
7686,train,7674
7687,train,7675
7688,train,7676
7689,train,7677
7690,train,7678
7691,train,7679
7692,train,7680
7693,validation,7681
7694,test,7682
7695,train,7683
7696,train,7684
7697,train,7685
7698,train,7686
7699,train,7687
7700,train,7688
7701,train,7689
7702,train,7690
7703,train,7691
7704,train,7692
7705,train,7693
7706,train,7694
7707,train,7695
7708,train,7696
7709,train,7697
7710,train,7698
7711,train,7699
7712,train,7700
7713,train,7701
7714,train,7702
7715,train,7703
7716,validation,7704
7717,test,7705
7718,train,7706
7719,train,7707
7720,train,7708
7721,train,7709
7722,train,7710
7723,train,7711
7724,train,7712
7725,train,7713
7726,train,7714
7727,train,7715
7728,train,7716
7729,train,7717
7730,train,7718
7731,train,7719
7732,train,7720
7733,train,7721
7734,train,7722
7735,train,7723
7736,train,7724
7737,train,7725
7738,train,7726
7739,train,7727
7740,validation,7728
7741,test,7729
7742,train,7730
7743,train,7731
7744,train,7732
7745,train,7733
7746,train,7734
7747,train,7735
7748,train,7736
7749,train,7737
7750,train,7738
7751,train,7739
7752,train,7740
7753,train,7741
7754,train,7742
7755,train,7743
7756,train,7744
7757,train,7745
7758,train,7746
7759,train,7747
7760,train,7748
7761,train,7749
7762,train,7750
7763,train,7751
7764,validation,7752
7765,test,7753
7766,train,7754
7767,train,7755
7768,train,7756
7769,train,7757
7770,train,7758
7771,train,7759
7772,train,7760
7773,train,7761
7774,train,7762
7775,train,7763
7776,train,7764
7777,train,7765
7778,train,7766
7779,train,7767
7780,train,7768
7781,train,7769
7782,train,7770
7783,train,7771
7784,train,7772
7785,train,7773
7786,train,7774
7787,train,7775
7788,validation,7776
7789,test,7777
7790,train,7778
7791,train,7779
7792,train,7780
7793,train,7781
7794,train,7782
7795,train,7783
7796,train,7784
7797,train,7785
7798,train,7786
7799,train,7787
7800,train,7788
7801,train,7789
7802,train,7790
7803,train,7791
7804,train,7792
7805,train,7793
7806,train,7794
7807,train,7795
7808,train,7796
7809,train,7797
7810,train,7798
7811,validation,7799
7812,test,7800
7813,train,7801
7814,train,7802
7815,train,7803
7816,train,7804
7817,train,7805
7818,train,7806
7819,train,7807
7820,train,7808
7821,train,7809
7822,train,7810
7823,train,7811
7824,train,7812
7825,train,7813
7826,train,7814
7827,train,7815
7828,train,7816
7829,train,7817
7830,train,7818
7831,train,7819
7832,train,7820
7833,train,7821
7834,train,7822
7835,validation,7823
7836,test,7824
7837,train,7825
7838,train,7826
7839,train,7827
7840,train,7828
7841,train,7829
7842,train,7830
7843,train,7831
7844,train,7832
7845,train,7833
7846,train,7834
7847,train,7835
7848,train,7836
7849,train,7837
7850,train,7838
7851,train,7839
7852,train,7840
7853,train,7841
7854,train,7842
7855,train,7843
7856,train,7844
7857,train,7845
7858,train,7846
7859,validation,7847
7860,test,7848
7861,train,7849
7862,train,7850
7863,train,7851
7864,train,7852
7865,train,7853
7866,train,7854
7867,train,7855
7868,train,7856
7869,train,7857
7870,train,7858
7871,train,7859
7872,train,7860
7873,train,7861
7874,train,7862
7875,train,7863
7876,train,7864
7877,train,7865
7878,train,7866
7879,train,7867
7880,train,7868
7881,train,7869
7882,train,7870
7883,validation,7871
7884,test,7872
7885,train,7873
7886,train,7874
7887,train,7875
7888,train,7876
7889,train,7877
7890,train,7878
7891,train,7879
7892,train,7880
7893,train,7881
7894,train,7882
7895,train,7883
7896,train,7884
7897,train,7885
7898,train,7886
7899,train,7887
7900,train,7888
7901,train,7889
7902,train,7890
7903,train,7891
7904,train,7892
7905,train,7893
7906,train,7894
7907,validation,7895
7908,test,7896
7909,train,7897
7910,train,7898
7911,train,7899
7912,train,7900
7913,train,7901
7914,train,7902
7915,train,7903
7916,train,7904
7917,train,7905
7918,train,7906
7919,train,7907
7920,train,7908
7921,train,7909
7922,train,7910
7923,train,7911
7924,train,7912
7925,train,7913
7926,train,7914
7927,train,7915
7928,train,7916
7929,train,7917
7930,validation,7918
7931,test,7919
7932,train,7920
7933,train,7921
7934,train,7922
7935,train,7923
7936,train,7924
7937,train,7925
7938,train,7926
7939,train,7927
7940,train,7928
7941,train,7929
7942,train,7930
7943,train,7931
7944,train,7932
7945,train,7933
7946,train,7934
7947,train,7935
7948,train,7936
7949,train,7937
7950,train,7938
7951,train,7939
7952,train,7940
7953,train,7941
7954,validation,7942
7955,test,7943
7956,train,7944
7957,train,7945
7958,train,7946
7959,train,7947
7960,train,7948
7961,train,7949
7962,train,7950
7963,train,7951
7964,train,7952
7965,train,7953
7966,train,7954
7967,train,7955
7968,train,7956
7969,train,7957
7970,train,7958
7971,train,7959
7972,train,7960
7973,train,7961
7974,train,7962
7975,train,7963
7976,train,7964
7977,train,7965
7978,validation,7966
7979,test,7967
7980,train,7968
7981,train,7969
7982,train,7970
7983,train,7971
7984,train,7972
7985,train,7973
7986,train,7974
7987,train,7975
7988,train,7976
7989,train,7977
7990,train,7978
7991,train,7979
7992,train,7980
7993,train,7981
7994,train,7982
7995,train,7983
7996,train,7984
7997,train,7985
7998,train,7986
7999,train,7987
8000,train,7988
8001,train,7989
8002,validation,7990
8003,test,7991
8004,train,7992
8005,train,7993
8006,train,7994
8007,train,7995
8008,train,7996
8009,train,7997
8010,train,7998
8011,train,7999
8012,train,8000
8013,train,8001
8014,train,8002
8015,train,8003
8016,train,8004
8017,train,8005
8018,train,8006
8019,train,8007
8020,train,8008
8021,train,8009
8022,train,8010
8023,train,8011
8024,train,8012
8025,validation,8013
8026,test,8014
8027,train,8015
8028,train,8016
8029,train,8017
8030,train,8018
8031,train,8019
8032,train,8020
8033,train,8021
8034,train,8022
8035,train,8023
8036,train,8024
8037,train,8025
8038,train,8026
8039,train,8027
8040,train,8028
8041,train,8029
8042,train,8030
8043,train,8031
8044,train,8032
8045,train,8033
8046,train,8034
8047,train,8035
8048,train,8036
8049,validation,8037
8050,test,8038
8051,train,8039
8052,train,8040
8053,train,8041
8054,train,8042
8055,train,8043
8056,train,8044
8057,train,8045
8058,train,8046
8059,train,8047
8060,train,8048
8061,train,8049
8062,train,8050
8063,train,8051
8064,train,8052
8065,train,8053
8066,train,8054
8067,train,8055
8068,train,8056
8069,train,8057
8070,train,8058
8071,train,8059
8072,train,8060
8073,validation,8061
8074,test,8062
8075,train,8063
8076,train,8064
8077,train,8065
8078,train,8066
8079,train,8067
8080,train,8068
8081,train,8069
8082,train,8070
8083,train,8071
8084,train,8072
8085,train,8073
8086,train,8074
8087,train,8075
8088,train,8076
8089,train,8077
8090,train,8078
8091,train,8079
8092,train,8080
8093,train,8081
8094,train,8082
8095,train,8083
8096,train,8084
8097,validation,8085
8098,test,8086
8099,train,8087
8100,train,8088
8101,train,8089
8102,train,8090
8103,train,8091
8104,train,8092
8105,train,8093
8106,train,8094
8107,train,8095
8108,train,8096
8109,train,8097
8110,train,8098
8111,train,8099
8112,train,8100
8113,train,8101
8114,train,8102
8115,train,8103
8116,train,8104
8117,train,8105
8118,train,8106
8119,train,8107
8120,train,8108
8121,validation,8109
8122,test,8110
8123,train,8111
8124,train,8112
8125,train,8113
8126,train,8114
8127,train,8115
8128,train,8116
8129,train,8117
8130,train,8118
8131,train,8119
8132,train,8120
8133,train,8121
8134,train,8122
8135,train,8123
8136,train,8124
8137,train,8125
8138,train,8126
8139,train,8127
8140,train,8128
8141,train,8129
8142,train,8130
8143,train,8131
8144,validation,8132
8145,validation,8133
8146,test,8134
8147,validation,8133
8148,test,8134
8149,test,8135
8150,train,8136
8151,train,8137
8152,train,8138
8153,train,8139
8154,train,8140
8155,train,8141
8156,train,8142
8157,train,8143
8158,train,8144
8159,train,8145
8160,train,8146
8161,train,8147
8162,train,8148
8163,train,8149
8164,train,8150
8165,train,8151
8166,train,8152
8167,train,8153
8168,train,8154
8169,train,8155
8170,train,8156
8171,train,8157
8172,validation,8158
8173,test,8159
8174,train,8160
8175,train,8161
8176,train,8162
8177,train,8163
8178,train,8164
8179,train,8165
8180,train,8166
8181,train,8167
8182,train,8168
8183,train,8169
8184,train,8170
8185,train,8171
8186,train,8172
8187,train,8173
8188,train,8174
8189,train,8175
8190,train,8176
8191,train,8177
8192,train,8178
8193,train,8179
8194,train,8180
8195,train,8181
8196,validation,8182
8197,test,8183
8198,train,8184
8199,train,8185
8200,train,8186
8201,train,8187
8202,train,8188
8203,train,8189
8204,train,8190
8205,train,8191
8206,train,8192
8207,train,8193
8208,train,8194
8209,train,8195
8210,train,8196
8211,train,8197
8212,train,8198
8213,train,8199
8214,train,8200
8215,train,8201
8216,train,8202
8217,train,8203
8218,train,8204
8219,train,8205
8220,validation,8206
8221,test,8207
8222,train,8208
8223,train,8209
8224,train,8210
8225,train,8211
8226,train,8212
8227,train,8213
8228,train,8214
8229,train,8215
8230,train,8216
8231,train,8217
8232,train,8218
8233,train,8219
8234,train,8220
8235,train,8221
8236,train,8222
8237,train,8223
8238,train,8224
8239,train,8225
8240,train,8226
8241,train,8227
8242,train,8228
8243,validation,8229
8244,test,8230
8245,train,8231
8246,train,8232
8247,train,8233
8248,train,8234
8249,train,8235
8250,train,8236
8251,train,8237
8252,train,8238
8253,train,8239
8254,train,8240
8255,train,8241
8256,train,8242
8257,train,8243
8258,train,8244
8259,train,8245
8260,train,8246
8261,train,8247
8262,train,8248
8263,train,8249
8264,train,8250
8265,train,8251
8266,train,8252
8267,validation,8253
8268,test,8254
8269,train,8255
8270,train,8256
8271,train,8257
8272,train,8258
8273,train,8259
8274,train,8260
8275,train,8261
8276,train,8262
8277,train,8263
8278,train,8264
8279,train,8265
8280,train,8266
8281,train,8267
8282,train,8268
8283,train,8269
8284,train,8270
8285,train,8271
8286,train,8272
8287,train,8273
8288,train,8274
8289,train,8275
8290,train,8276
8291,validation,8277
8292,test,8278
8293,train,8279
8294,train,8280
8295,train,8281
8296,train,8282
8297,train,8283
8298,train,8284
8299,train,8285
8300,train,8286
8301,train,8287
8302,train,8288
8303,train,8289
8304,train,8290
8305,train,8291
8306,train,8292
8307,train,8293
8308,train,8294
8309,train,8295
8310,train,8296
8311,train,8297
8312,train,8298
8313,train,8299
8314,train,8300
8315,validation,8301
8316,test,8302
8317,train,8303
8318,train,8304
8319,train,8305
8320,train,8306
8321,train,8307
8322,train,8308
8323,train,8309
8324,train,8310
8325,train,8311
8326,train,8312
8327,train,8313
8328,train,8314
8329,train,8315
8330,train,8316
8331,train,8317
8332,train,8318
8333,train,8319
8334,train,8320
8335,train,8321
8336,train,8322
8337,train,8323
8338,train,8324
8339,validation,8325
8340,validation,8326
8341,test,8327
8342,train,8328
8343,train,8329
8344,train,8330
8345,train,8331
8346,train,8332
8347,train,8333
8348,train,8334
8349,train,8335
8350,train,8336
8351,train,8337
8352,train,8338
8353,train,8339
8354,train,8340
8355,train,8341
8356,train,8342
8357,train,8343
8358,train,8344
8359,train,8345
8360,train,8346
8361,train,8347
8362,train,8348
8363,validation,8349
8364,test,8350
8365,train,8351
8366,train,8352
8367,train,8353
8368,train,8354
8369,train,8355
8370,train,8356
8371,train,8357
8372,train,8358
8373,train,8359
8374,train,8360
8375,train,8361
8376,train,8362
8377,train,8363
8378,train,8364
8379,train,8365
8380,train,8366
8381,train,8367
8382,train,8368
8383,train,8369
8384,train,8370
8385,train,8371
8386,train,8372
8387,validation,8373
8388,test,8374
8389,train,8375
8390,train,8376
8391,train,8377
8392,train,8378
8393,train,8379
8394,train,8380
8395,train,8381
8396,train,8382
8397,train,8383
8398,train,8384
8399,train,8385
8400,train,8386
8401,train,8387
8402,train,8388
8403,train,8389
8404,train,8390
8405,train,8391
8406,train,8392
8407,train,8393
8408,train,8394
8409,train,8395
8410,train,8396
8411,validation,8397
8412,test,8398
8413,train,8399
8414,train,8400
8415,train,8401
8416,train,8402
8417,train,8403
8418,train,8404
8419,train,8405
8420,train,8406
8421,train,8407
8422,train,8408
8423,train,8409
8424,train,8410
8425,train,8411
8426,train,8412
8427,train,8413
8428,train,8414
8429,train,8415
8430,train,8416
8431,train,8417
8432,train,8418
8433,train,8419
8434,train,8420
8435,validation,8421
8436,test,8422
8437,train,8423
8438,train,8424
8439,train,8425
8440,train,8426
8441,train,8427
8442,train,8428
8443,train,8429
8444,train,8430
8445,train,8431
8446,train,8432
8447,train,8433
8448,train,8434
8449,train,8435
8450,train,8436
8451,train,8437
8452,train,8438
8453,train,8439
8454,train,8440
8455,train,8441
8456,train,8442
8457,train,8443
8458,validation,8444
8459,test,8445
8460,train,8446
8461,train,8447
8462,train,8448
8463,train,8449
8464,train,8450
8465,train,8451
8466,train,8452
8467,train,8453
8468,train,8454
8469,train,8455
8470,train,8456
8471,train,8457
8472,train,8458
8473,train,8459
8474,train,8460
8475,train,8461
8476,train,8462
8477,train,8463
8478,train,8464
8479,train,8465
8480,train,8466
8481,train,8467
8482,validation,8468
8483,test,8469
8484,train,8470
8485,train,8471
8486,train,8472
8487,train,8473
8488,train,8474
8489,train,8475
8490,train,8476
8491,train,8477
8492,train,8478
8493,train,8479
8494,train,8480
8495,train,8481
8496,train,8482
8497,train,8483
8498,train,8484
8499,train,8485
8500,train,8486
8501,train,8487
8502,train,8488
8503,train,8489
8504,train,8490
8505,train,8491
8506,validation,8492
8507,test,8493
8508,train,8494
8509,train,8495
8510,train,8496
8511,train,8497
8512,train,8498
8513,train,8499
8514,train,8500
8515,train,8501
8516,train,8502
8517,train,8503
8518,train,8504
8519,train,8505
8520,train,8506
8521,train,8507
8522,train,8508
8523,train,8509
8524,train,8510
8525,train,8511
8526,train,8512
8527,train,8513
8528,train,8514
8529,train,8515
8530,validation,8516
8531,test,8517
8532,train,8518
8533,train,8519
8534,train,8520
8535,train,8521
8536,train,8522
8537,train,8523
8538,train,8524
8539,train,8525
8540,train,8526
8541,train,8527
8542,train,8528
8543,train,8529
8544,train,8530
8545,train,8531
8546,train,8532
8547,train,8533
8548,train,8534
8549,train,8535
8550,train,8536
8551,train,8537
8552,train,8538
8553,train,8539
8554,validation,8540
8555,test,8541
8556,train,8542
8557,train,8543
8558,train,8544
8559,train,8545
8560,train,8546
8561,train,8547
8562,train,8548
8563,train,8549
8564,train,8550
8565,train,8551
8566,train,8552
8567,train,8553
8568,train,8554
8569,train,8555
8570,train,8556
8571,train,8557
8572,train,8558
8573,train,8559
8574,train,8560
8575,train,8561
8576,train,8562
8577,validation,8563
8578,test,8564
8579,train,8565
8580,train,8566
8581,train,8567
8582,train,8568
8583,train,8569
8584,train,8570
8585,train,8571
8586,train,8572
8587,train,8573
8588,train,8574
8589,train,8575
8590,train,8576
8591,train,8577
8592,train,8578
8593,train,8579
8594,train,8580
8595,train,8581
8596,train,8582
8597,train,8583
8598,train,8584
8599,train,8585
8600,train,8586
8601,validation,8587
8602,test,8588
8603,train,8589
8604,train,8590
8605,train,8591
8606,train,8592
8607,train,8593
8608,train,8594
8609,train,8595
8610,train,8596
8611,train,8597
8612,train,8598
8613,train,8599
8614,train,8600
8615,train,8601
8616,train,8602
8617,train,8603
8618,train,8604
8619,train,8605
8620,train,8606
8621,train,8607
8622,train,8608
8623,train,8609
8624,train,8610
8625,validation,8611
8626,test,8612
8627,train,8613
8628,train,8614
8629,train,8615
8630,train,8616
8631,train,8617
8632,train,8618
8633,train,8619
8634,train,8620
8635,train,8621
8636,train,8622
8637,train,8623
8638,train,8624
8639,train,8625
8640,train,8626
8641,train,8627
8642,train,8628
8643,train,8629
8644,train,8630
8645,train,8631
8646,validation,8632
8647,train,8633
8648,train,8634
8649,train,8635
8650,validation,8636
8651,test,8637
8652,train,8638
8653,train,8639
8654,train,8640
8655,train,8641
8656,train,8642
8657,train,8643
8658,train,8644
8659,train,8645
8660,train,8646
8661,train,8647
8662,train,8648
8663,train,8649
8664,train,8650
8665,train,8651
8666,train,8652
8667,train,8653
8668,train,8654
8669,train,8655
8670,train,8656
8671,train,8657
8672,train,8658
8673,validation,8659
8674,test,8660
8675,train,8661
8676,train,8662
8677,train,8663
8678,train,8664
8679,train,8665
8680,train,8666
8681,train,8667
8682,train,8668
8683,train,8669
8684,train,8670
8685,train,8671
8686,train,8672
8687,train,8673
8688,train,8674
8689,train,8675
8690,train,8676
8691,train,8677
8692,train,8678
8693,train,8679
8694,train,8680
8695,train,8681
8696,train,8682
8697,validation,8683
8698,test,8684
8699,train,8685
8700,train,8686
8701,train,8687
8702,train,8688
8703,train,8689
8704,train,8690
8705,train,8691
8706,train,8692
8707,train,8693
8708,train,8694
8709,train,8695
8710,train,8696
8711,train,8697
8712,train,8698
8713,train,8699
8714,train,8700
8715,train,8701
8716,train,8702
8717,train,8703
8718,train,8704
8719,train,8705
8720,train,8706
8721,validation,8707
8722,test,8708
8723,train,8709
8724,train,8710
8725,train,8711
8726,train,8712
8727,train,8713
8728,train,8714
8729,train,8715
8730,train,8716
8731,train,8717
8732,train,8718
8733,train,8719
8734,train,8720
8735,train,8721
8736,train,8722
8737,train,8723
8738,train,8724
8739,train,8725
8740,train,8726
8741,train,8727
8742,train,8728
8743,train,8729
8744,train,8730
8745,validation,8731
8746,test,8732
8747,train,8733
8748,train,8734
8749,train,8735
8750,train,8736
8751,train,8737
8752,train,8738
8753,train,8739
8754,train,8740
8755,train,8741
8756,train,8742
8757,train,8743
8758,train,8744
8759,train,8745
8760,train,8746
8761,train,8747
8762,train,8748
8763,train,8749
8764,train,8750
8765,train,8751
8766,train,8752
8767,train,8753
8768,train,8754
8769,validation,8755
8770,test,8756
8771,train,8757
8772,train,8758
8773,train,8759
8774,train,8760
8775,train,8761
8776,train,8762
8777,train,8763
8778,train,8764
8779,train,8765
8780,train,8766
8781,train,8767
8782,train,8768
8783,train,8769
8784,train,8770
8785,train,8771
8786,train,8772
8787,train,8773
8788,train,8774
8789,train,8775
8790,train,8776
8791,train,8777
8792,validation,8778
8793,test,8779
8794,train,8780
8795,train,8781
8796,train,8782
8797,train,8783
8798,train,8784
8799,train,8785
8800,train,8786
8801,train,8787
8802,train,8788
8803,train,8789
8804,train,8790
8805,train,8791
8806,train,8792
8807,train,8793
8808,train,8794
8809,train,8795
8810,train,8796
8811,train,8797
8812,train,8798
8813,train,8799
8814,train,8800
8815,train,8801
8816,validation,8802
8817,test,8803
8818,train,8804
8819,train,8805
8820,train,8806
8821,train,8807
8822,train,8808
8823,train,8809
8824,train,8810
8825,train,8811
8826,train,8812
8827,train,8813
8828,train,8814
8829,train,8815
8830,train,8816
8831,train,8817
8832,train,8818
8833,train,8819
8834,train,8820
8835,train,8821
8836,train,8822
8837,train,8823
8838,train,8824
8839,train,8825
8840,validation,8826
8841,test,8827
8842,train,8828
8843,train,8829
8844,train,8830
8845,train,8831
8846,train,8832
8847,train,8833
8848,train,8834
8849,train,8835
8850,train,8836
8851,train,8837
8852,train,8838
8853,train,8839
8854,train,8840
8855,train,8841
8856,train,8842
8857,train,8843
8858,train,8844
8859,train,8845
8860,train,8846
8861,train,8847
8862,train,8848
8863,train,8849
8864,test,8850
8865,validation,8851
8866,train,8852
8867,train,8853
8868,train,8854
8869,train,8855
8870,train,8856
8871,train,8857
8872,train,8858
8873,train,8859
8874,train,8860
8875,train,8861
8876,train,8862
8877,validation,8325
8878,train,8863
8879,train,8864
8880,train,8865
8881,train,8866
8882,train,8867
8883,train,8868
8884,train,8869
8885,train,8870
8886,train,8871
8887,train,8872
8888,validation,8873
8889,test,8874
8890,train,8875
8891,train,8876
8892,train,8877
8893,train,8878
8894,train,8879
8895,train,8880
8896,train,8881
8897,train,8882
8898,train,8883
8899,train,8884
8900,train,8885
8901,train,8886
8902,train,8887
8903,train,8888
8904,train,8889
8905,train,8890
8906,train,8891
8907,train,8892
8908,train,8893
8909,train,8894
8910,train,8895
8911,train,8896
8912,validation,8897
8913,test,8898
8914,train,8899
8915,train,8900
8916,train,8901
8917,train,8902
8918,train,8903
8919,train,8904
8920,train,8905
8921,train,8906
8922,train,8907
8923,train,8908
8924,train,8909
8925,train,8910
8926,train,8911
8927,train,8912
8928,train,8913
8929,train,8914
8930,train,8915
8931,train,8916
8932,train,8917
8933,train,8918
8934,train,8919
8935,train,8920
8936,validation,8921
8937,test,8922
8938,train,8923
8939,train,8924
8940,train,8925
8941,train,8926
8942,train,8927
8943,train,8928
8944,train,8929
8945,train,8930
8946,train,8931
8947,train,8932
8948,train,8933
8949,train,8934
8950,train,8935
8951,train,8936
8952,train,8937
8953,train,8938
8954,train,8939
8955,train,8940
8956,train,8941
8957,train,8942
8958,train,8943
8959,train,8944
8960,validation,8945
8961,test,8946
8962,train,8947
8963,train,8948
8964,train,8949
8965,train,8950
8966,train,8951
8967,train,8952
8968,train,8953
8969,train,8954
8970,train,8955
8971,train,8956
8972,train,8957
8973,train,8958
8974,train,8959
8975,train,8960
8976,train,8961
8977,train,8962
8978,train,8963
8979,train,8964
8980,train,8965
8981,train,8966
8982,train,8967
8983,train,8968
8984,validation,8969
8985,test,8970
8986,train,8971
8987,train,8972
8988,train,8973
8989,train,8974
8990,train,8975
8991,train,8976
8992,train,8977
8993,train,8978
8994,train,8979
8995,train,8980
8996,train,8981
8997,train,8982
8998,train,8983
8999,train,8984
9000,train,8985
9001,train,8986
9002,train,8987
9003,train,8988
9004,train,8989
9005,train,8990
9006,train,8991
9007,validation,8992
9008,test,8993
9009,train,8994
9010,train,8995
9011,train,8996
9012,train,8997
9013,train,8998
9014,train,8999
9015,train,9000
9016,train,9001
9017,train,9002
9018,train,9003
9019,train,9004
9020,train,9005
9021,train,9006
9022,train,9007
9023,train,9008
9024,train,9009
9025,train,9010
9026,train,9011
9027,train,9012
9028,train,9013
9029,train,9014
9030,train,9015
9031,validation,9016
9032,test,9017
9033,train,9018
9034,train,9019
9035,train,9020
9036,train,9021
9037,train,9022
9038,train,9023
9039,train,9024
9040,train,9025
9041,train,9026
9042,train,9027
9043,train,9028
9044,train,9029
9045,train,9030
9046,train,9031
9047,train,9032
9048,train,9033
9049,train,9034
9050,train,9035
9051,train,9036
9052,train,9037
9053,train,9038
9054,train,9039
9055,validation,9040
9056,test,9041
9057,train,9042
9058,train,9043
9059,train,9044
9060,train,9045
9061,train,9046
9062,train,9047
9063,train,9048
9064,train,9049
9065,train,9050
9066,train,9051
9067,train,9052
9068,train,9053
9069,train,9054
9070,train,9055
9071,train,9056
9072,train,9057
9073,train,9058
9074,train,9059
9075,train,9060
9076,train,9061
9077,train,9062
9078,train,9063
9079,validation,9064
9080,test,9065
9081,train,9066
9082,train,9067
9083,train,9068
9084,train,9069
9085,train,9070
9086,train,9071
9087,test,2646
9088,validation,2647
9089,train,9072
9090,train,9073
9091,train,9074
9092,train,9075
9093,train,9076
9094,train,9077
9095,train,9078
9096,train,9079
9097,train,9080
9098,train,9081
9099,train,9082
9100,train,9083
9101,train,9084
9102,train,9085
9103,train,9086
9104,validation,9087
9105,test,9088
9106,train,9089
9107,train,9090
9108,train,9091
9109,train,9092
9110,train,9093
9111,train,9094
9112,train,9095
9113,train,9096
9114,train,9097
9115,train,9098
9116,train,9099
9117,train,9100
9118,train,9101
9119,train,9102
9120,train,9103
9121,train,9104
9122,train,9105
9123,train,9106
9124,train,9107
9125,train,9108
9126,train,9109
9127,train,9110
9128,validation,9111
9129,test,9112
9130,train,9113
9131,train,9114
9132,train,9115
9133,train,9116
9134,train,9117
9135,train,9118
9136,train,9119
9137,train,9120
9138,train,9121
9139,train,9122
9140,train,9123
9141,train,9124
9142,train,9125
9143,train,9126
9144,train,9127
9145,train,9128
9146,train,9129
9147,train,9130
9148,train,9131
9149,train,9132
9150,train,9133
9151,train,9134
9152,validation,9135
9153,test,9136
9154,train,9137
9155,train,9138
9156,train,9139
9157,train,9140
9158,train,9141
9159,train,9142
9160,train,9143
9161,train,9144
9162,train,9145
9163,train,9146
9164,train,9147
9165,train,9148
9166,train,9149
9167,train,9150
9168,train,9151
9169,train,9152
9170,train,9153
9171,train,9154
9172,train,9155
9173,train,9156
9174,train,9157
9175,train,9158
9176,validation,9159
9177,test,9160
9178,train,9161
9179,train,9162
9180,train,9163
9181,train,9164
9182,train,9165
9183,train,9166
9184,train,9167
9185,train,9168
9186,train,9169
9187,train,9170
9188,train,9171
9189,train,9172
9190,train,9173
9191,train,9174
9192,train,9175
9193,train,9176
9194,train,9177
9195,train,9178
9196,train,9179
9197,train,9180
9198,train,9181
9199,train,9182
9200,validation,9183
9201,test,9184
9202,train,9185
9203,train,9186
9204,train,9187
9205,train,9188
9206,train,9189
9207,train,9190
9208,train,9191
9209,train,9192
9210,train,9193
9211,train,9194
9212,train,9195
9213,validation,8325
9214,train,9196
9215,train,9197
9216,train,9198
9217,train,9199
9218,train,9200
9219,train,9201
9220,train,9202
9221,train,9203
9222,train,9204
9223,train,9205
9224,validation,9206
9225,test,9207
9226,train,9208
9227,train,9209
9228,train,9210
9229,train,9211
9230,train,9212
9231,train,9213
9232,train,9214
9233,train,9215
9234,train,9216
9235,train,9217
9236,train,9218
9237,train,9219
9238,train,9220
9239,train,9221
9240,train,9222
9241,train,9223
9242,train,9224
9243,train,9225
9244,train,9226
9245,train,9227
9246,train,9228
9247,train,9229
9248,validation,9230
9249,test,9231
9250,train,9232
9251,train,9233
9252,train,9234
9253,train,9235
9254,train,9236
9255,train,9237
9256,train,9238
9257,train,9239
9258,train,9240
9259,train,9241
9260,train,9242
9261,train,9243
9262,train,9244
9263,train,9245
9264,train,9246
9265,train,9247
9266,train,9248
9267,train,9249
9268,train,9250
9269,train,9251
9270,train,9252
9271,train,9253
9272,validation,9254
9273,test,9255
9274,train,9256
9275,train,9257
9276,train,9258
9277,train,9259
9278,train,9260
9279,train,9261
9280,train,9262
9281,train,9263
9282,train,9264
9283,train,9265
9284,train,9266
9285,train,9267
9286,train,9268
9287,train,9269
9288,train,9270
9289,train,9271
9290,train,9272
9291,train,9273
9292,train,9274
9293,train,9275
9294,train,9276
9295,train,9277
9296,validation,9278
9297,test,9279
9298,train,9280
9299,train,9281
9300,train,9282
9301,train,9283
9302,train,9284
9303,train,9285
9304,train,9286
9305,train,9287
9306,train,9288
9307,train,9289
9308,train,9290
9309,train,9291
9310,train,9292
9311,train,9293
9312,train,9294
9313,train,9295
9314,train,9296
9315,train,9297
9316,train,9298
9317,train,9299
9318,train,9300
9319,validation,9301
9320,test,9302
9321,train,9303
9322,train,9304
9323,train,9305
9324,train,9306
9325,train,9307
9326,train,9308
9327,train,9309
9328,train,9310
9329,train,9311
9330,train,9312
9331,train,9313
9332,train,9314
9333,train,9315
9334,train,9316
9335,train,9317
9336,train,9318
9337,train,9319
9338,train,9320
9339,train,9321
9340,train,9322
9341,train,9323
9342,train,9324
9343,validation,9325
9344,test,9326
9345,train,9327
9346,train,9328
9347,train,9329
9348,train,9330
9349,train,9331
9350,train,9332
9351,train,9333
9352,train,9334
9353,train,9335
9354,train,9336
9355,train,9337
9356,train,9338
9357,train,9339
9358,train,9340
9359,train,9341
9360,train,9342
9361,train,9343
9362,train,9344
9363,train,9345
9364,train,9346
9365,train,9347
9366,train,9348
9367,validation,9349
9368,test,9350
9369,train,9351
9370,train,9352
9371,train,9353
9372,train,9354
9373,train,9355
9374,train,9356
9375,train,9357
9376,train,9358
9377,train,9359
9378,train,9360
9379,train,9361
9380,train,9362
9381,train,9363
9382,train,9364
9383,train,9365
9384,train,9366
9385,train,9367
9386,train,9368
9387,train,9369
9388,train,9370
9389,train,9371
9390,train,9372
9391,validation,9373
9392,test,9374
9393,train,9375
9394,train,9376
9395,train,9377
9396,train,9378
9397,train,9379
9398,train,9380
9399,train,9381
9400,train,9382
9401,train,9383
9402,train,9384
9403,train,9385
9404,train,9386
9405,train,9387
9406,train,9388
9407,train,9389
9408,train,9390
9409,train,9391
9410,train,9392
9411,train,9393
9412,train,9394
9413,train,9395
9414,train,9396
9415,validation,9397
9416,test,9398
9417,train,9399
9418,train,9400
9419,train,9401
9420,train,9402
9421,train,9403
9422,train,9404
9423,train,9405
9424,train,9406
9425,train,9407
9426,train,9408
9427,train,9409
9428,train,9410
9429,train,9411
9430,train,9412
9431,train,9413
9432,train,9414
9433,train,9415
9434,train,9416
9435,train,9417
9436,train,9418
9437,train,9419
9438,validation,9420
9439,test,9421
9440,train,9422
9441,train,9423
9442,train,9424
9443,train,9425
9444,train,9426
9445,train,9427
9446,train,9428
9447,train,9429
9448,train,9430
9449,train,9431
9450,train,9432
9451,train,9433
9452,train,9434
9453,train,9435
9454,train,9436
9455,train,9437
9456,train,9438
9457,train,9439
9458,train,9440
9459,train,9441
9460,train,9442
9461,train,9443
9462,validation,9444
9463,test,9445
9464,train,9446
9465,train,9447
9466,train,9448
9467,train,9449
9468,train,9450
9469,train,9451
9470,train,9452
9471,train,9453
9472,train,9454
9473,train,9455
9474,train,9456
9475,train,9457
9476,train,9458
9477,train,9459
9478,train,9460
9479,train,9461
9480,train,9462
9481,train,9463
9482,train,9464
9483,train,9465
9484,train,9466
9485,train,9467
9486,validation,9468
9487,test,9469
9488,train,9470
9489,train,9471
9490,train,9472
9491,train,9473
9492,train,9474
9493,train,9475
9494,train,9476
9495,train,9477
9496,train,9478
9497,train,9479
9498,train,9480
9499,train,9481
9500,train,9482
9501,train,9483
9502,train,9484
9503,train,9485
9504,train,9486
9505,train,9487
9506,train,9488
9507,train,9489
9508,train,9490
9509,train,9491
9510,validation,9492
9511,test,9493
9512,train,9494
9513,train,9495
9514,train,9496
9515,train,9497
9516,train,9498
9517,train,9499
9518,train,9500
9519,train,9501
9520,train,9502
9521,train,9503
9522,train,9504
9523,train,9505
9524,train,9506
9525,train,9507
9526,train,9508
9527,train,9509
9528,train,9510
9529,train,9511
9530,train,9512
9531,train,9513
9532,train,9514
9533,validation,9515
9534,test,9516
9535,train,9517
9536,train,9518
9537,train,9519
9538,train,9520
9539,train,9521
9540,train,9522
9541,train,9523
9542,train,9524
9543,train,9525
9544,validation,1855
9545,train,9526
9546,train,9527
9547,train,9528
9548,train,9529
9549,train,9530
9550,train,9531
9551,train,9532
9552,train,9533
9553,train,9534
9554,train,9535
9555,train,9536
9556,train,9537
9557,train,9538
9558,validation,9539
9559,test,9540
9560,train,9541
9561,train,9542
9562,train,9543
9563,train,9544
9564,train,9545
9565,train,9546
9566,train,9547
9567,train,9548
9568,train,9549
9569,train,9550
9570,train,9551
9571,train,9552
9572,train,9553
9573,train,9554
9574,train,9555
9575,train,9556
9576,train,9557
9577,train,9558
9578,train,9559
9579,train,9560
9580,train,9561
9581,train,9562
9582,validation,9563
9583,test,9564
9584,train,9565
9585,train,9566
9586,train,9567
9587,train,9568
9588,train,9569
9589,train,9570
9590,train,9571
9591,train,9572
9592,train,9573
9593,train,9574
9594,train,9575
9595,train,9576
9596,train,9577
9597,train,9578
9598,train,9579
9599,train,9580
9600,train,9581
9601,train,9582
9602,train,9583
9603,train,9584
9604,train,9585
9605,train,9586
9606,validation,9587
9607,test,9588
9608,train,9589
9609,train,9590
9610,train,9591
9611,train,9592
9612,train,9593
9613,train,9594
9614,train,9595
9615,train,9596
9616,train,9597
9617,train,9598
9618,train,9599
9619,train,9600
9620,train,9601
9621,train,9602
9622,train,9603
9623,train,9604
9624,train,9605
9625,train,9606
9626,train,9607
9627,train,9608
9628,train,9609
9629,train,9610
9630,validation,9611
9631,test,9612
9632,train,9613
9633,train,9614
9634,train,9615
9635,train,9616
9636,train,9617
9637,train,9618
9638,train,9619
9639,train,9620
9640,train,9621
9641,train,9622
9642,train,9623
9643,train,9624
9644,train,9625
9645,train,9626
9646,train,9627
9647,train,9628
9648,train,9629
9649,train,9630
9650,train,9631
9651,train,9632
9652,train,9633
9653,validation,9634
9654,test,9635
9655,train,9636
9656,train,9637
9657,train,9638
9658,train,9639
9659,train,9640
9660,train,9641
9661,train,9642
9662,train,9643
9663,train,9644
9664,train,9645
9665,train,9646
9666,train,9647
9667,train,9648
9668,train,9649
9669,train,9650
9670,train,9651
9671,train,9652
9672,train,9653
9673,train,9654
9674,train,9655
9675,train,9656
9676,train,9657
9677,validation,9658
9678,test,9659
9679,train,9660
9680,train,9661
9681,train,9662
9682,train,9663
9683,train,9664
9684,train,9665
9685,train,9666
9686,train,9667
9687,train,9668
9688,train,9669
9689,train,9670
9690,train,9671
9691,train,9672
9692,train,9673
9693,train,9674
9694,train,9675
9695,train,9676
9696,train,9677
9697,train,9678
9698,train,9679
9699,train,9680
9700,train,9681
9701,validation,9682
9702,test,9683
9703,train,9684
9704,train,9685
9705,train,9686
9706,train,9687
9707,train,9688
9708,train,9689
9709,train,9690
9710,train,9691
9711,train,9692
9712,train,9693
9713,train,9694
9714,train,9695
9715,train,9696
9716,train,9697
9717,train,9698
9718,train,9699
9719,train,9700
9720,train,9701
9721,train,9702
9722,train,9703
9723,train,9704
9724,train,9705
9725,validation,9706
9726,test,9707
9727,train,9708
9728,train,9709
9729,train,9710
9730,train,9711
9731,train,9712
9732,train,9713
9733,train,9714
9734,train,9715
9735,train,9716
9736,train,9717
9737,train,9718
9738,train,9719
9739,train,9720
9740,train,9721
9741,train,9722
9742,train,9723
9743,train,9724
9744,train,9725
9745,train,9726
9746,train,9727
9747,train,9728
9748,validation,9729
9749,test,9730
9750,train,9731
9751,train,9732
9752,train,9733
9753,train,9734
9754,train,9735
9755,train,9736
9756,train,9737
9757,train,9738
9758,train,9739
9759,train,9740
9760,train,9741
9761,train,9742
9762,train,9743
9763,train,9744
9764,train,9745
9765,train,9746
9766,train,9747
9767,train,9748
9768,train,9749
9769,train,9750
9770,train,9751
9771,train,9752
9772,validation,9753
9773,test,9754
9774,train,9755
9775,train,9756
9776,train,9757
9777,train,9758
9778,train,9759
9779,train,9760
9780,train,9761
9781,train,9762
9782,train,9763
9783,train,9764
9784,train,9765
9785,train,9766
9786,train,9767
9787,train,9768
9788,train,9769
9789,train,9770
9790,train,9771
9791,train,9772
9792,train,9773
9793,train,9774
9794,train,9775
9795,train,9776
9796,validation,9777
9797,test,9778
9798,train,9779
9799,train,9780
9800,train,9781
9801,train,9782
9802,train,9783
9803,train,9784
9804,train,9785
9805,train,9786
9806,train,9787
9807,train,9788
9808,train,9789
9809,train,9790
9810,train,9791
9811,train,9792
9812,train,9793
9813,train,9794
9814,train,9795
9815,train,9796
9816,train,9797
9817,train,9798
9818,train,9799
9819,train,9800
9820,validation,9801
9821,test,9802
9822,train,9803
9823,train,9804
9824,train,9805
9825,train,9806
9826,train,9807
9827,train,9808
9828,train,9809
9829,train,9810
9830,train,9811
9831,train,9812
9832,train,9813
9833,train,9814
9834,train,9815
9835,train,9816
9836,train,9817
9837,train,9818
9838,train,9819
9839,train,9820
9840,train,9821
9841,train,9822
9842,train,9823
9843,train,9824
9844,validation,9825
9845,test,9826
9846,train,9827
9847,train,9828
9848,train,9829
9849,train,9830
9850,train,9831
9851,train,9832
9852,train,9833
9853,train,9834
9854,train,9835
9855,train,9836
9856,train,9837
9857,train,9838
9858,train,9839
9859,train,9840
9860,train,9841
9861,train,9842
9862,train,9843
9863,train,9844
9864,train,9845
9865,train,9846
9866,train,9847
9867,validation,9848
9868,test,9849
9869,train,9850
9870,train,9851
9871,train,9852
9872,train,9853
9873,train,9854
9874,train,9855
9875,train,9856
9876,train,9857
9877,train,9858
9878,train,9859
9879,train,9860
9880,train,9861
9881,train,9862
9882,train,9863
9883,train,9864
9884,train,9865
9885,train,9866
9886,train,9867
9887,train,9868
9888,train,9869
9889,train,9870
9890,train,9871
9891,validation,9872
9892,test,9873
9893,train,9874
9894,train,9875
9895,train,9876
9896,train,9877
9897,train,9878
9898,train,9879
9899,train,9880
9900,train,9881
9901,train,9882
9902,train,9883
9903,train,9884
9904,train,9885
9905,train,9886
9906,train,9887
9907,train,9888
9908,train,9889
9909,train,9890
9910,train,9891
9911,train,9892
9912,train,9893
9913,train,9894
9914,train,9895
9915,validation,9896
9916,test,9897
9917,train,9898
9918,train,9899
9919,train,9900
9920,train,9901
9921,train,9902
9922,train,9903
9923,train,9904
9924,train,9905
9925,train,9906
9926,train,9907
9927,train,9908
9928,train,9909
9929,train,9910
9930,train,9911
9931,train,9912
9932,train,9913
9933,train,9914
9934,train,9915
9935,train,9916
9936,train,9917
9937,train,9918
9938,train,9919
9939,validation,9920
9940,test,9921
9941,train,9922
9942,train,9923
9943,train,9924
9944,train,9925
9945,train,9926
9946,train,9927
9947,train,9928
9948,train,9929
9949,train,9930
9950,train,9931
9951,train,9932
9952,train,9933
9953,train,9934
9954,train,9935
9955,train,9936
9956,train,9937
9957,train,9938
9958,train,9939
9959,train,9940
9960,train,9941
9961,train,9942
9962,validation,9943
9963,test,9944
9964,train,9945
9965,train,9946
9966,train,9947
9967,train,9948
9968,train,9949
9969,train,9950
9970,train,9951
9971,train,9952
9972,train,9953
9973,train,9954
9974,train,9955
9975,train,9956
9976,train,9957
9977,train,9958
9978,train,9959
9979,train,9960
9980,train,9961
9981,train,9962
9982,train,9963
9983,train,9964
9984,train,9965
9985,train,9966
9986,validation,9967
9987,test,9968
9988,train,9969
9989,train,9970
9990,train,9971
9991,train,9972
9992,train,9973
9993,train,9974
9994,train,9975
9995,train,9976
9996,train,9977
9997,train,9978
9998,train,9979
9999,train,9980
10000,train,9981
10001,train,9982
10002,train,9983
10003,train,9984
10004,train,9985
10005,train,9986
10006,train,9987
10007,train,9988
10008,train,9989
10009,test,6707
10010,test,9990
10011,train,9991
10012,validation,9992
10013,test,9993
10014,train,9994
10015,train,9995
10016,train,9996
10017,train,9997
10018,train,9998
10019,train,9999
10020,train,10000
10021,train,10001
10022,train,10002
10023,train,10003
10024,train,10004
10025,train,10005
10026,train,10006
10027,train,10007
10028,train,10008
10029,train,10009
10030,train,10010
10031,train,10011
10032,train,10012
10033,train,10013
10034,train,10014
10035,train,10015
10036,validation,10016
10037,test,10017
10038,train,10018
10039,train,10019
10040,train,10020
10041,train,10021
10042,train,10022
10043,train,10023
10044,train,10024
10045,train,10025
10046,train,10026
10047,train,10027
10048,train,10028
10049,train,10029
10050,train,10030
10051,train,10031
10052,train,10032
10053,train,10033
10054,train,10034
10055,train,10035
10056,train,10036
10057,train,10037
10058,train,10038
10059,train,10039
10060,validation,10040
10061,test,10041
10062,train,10042
10063,train,10043
10064,train,10044
10065,train,10045
10066,train,10046
10067,train,10047
10068,train,10048
10069,train,10049
10070,train,10050
10071,train,10051
10072,train,10052
10073,train,10053
10074,train,10054
10075,train,10055
10076,train,10056
10077,train,10057
10078,train,10058
10079,train,10059
10080,train,10060
10081,train,10061
10082,train,10062
10083,validation,10063
10084,test,10064
10085,train,10065
10086,train,10066
10087,train,10067
10088,train,10068
10089,train,10069
10090,train,10070
10091,train,10071
10092,train,10072
10093,train,10073
10094,train,10074
10095,train,10075
10096,train,10076
10097,train,10077
10098,train,10078
10099,train,10079
10100,train,10080
10101,train,10081
10102,train,10082
10103,train,10083
10104,train,10084
10105,train,10085
10106,train,10086
10107,validation,10087
10108,test,10088
10109,train,10089
10110,train,10090
10111,train,10091
10112,train,10092
10113,train,10093
10114,train,10094
10115,train,10095
10116,train,10096
10117,train,10097
10118,train,10098
10119,train,10099
10120,train,10100
10121,train,10101
10122,train,10102
10123,train,10103
10124,train,10104
10125,train,10105
10126,train,10106
10127,train,10107
10128,train,10108
10129,train,10109
10130,train,10110
10131,validation,10111
10132,test,10112
10133,train,10113
10134,train,10114
10135,train,10115
10136,train,10116
10137,train,10117
10138,train,10118
10139,train,10119
10140,train,10120
10141,train,10121
10142,train,10122
10143,train,10123
10144,train,10124
10145,train,10125
10146,train,10126
10147,train,10127
10148,train,10128
10149,train,10129
10150,train,10130
10151,train,10131
10152,train,10132
10153,train,10133
10154,train,10134
10155,validation,10135
10156,test,10136
10157,train,10137
10158,train,10138
10159,train,10139
10160,train,10140
10161,train,10141
10162,train,10142
10163,train,10143
10164,train,10144
10165,train,10145
10166,train,10146
10167,train,10147
10168,train,10148
10169,train,10149
10170,train,10150
10171,train,10151
10172,train,10152
10173,train,10153
10174,train,10154
10175,train,10155
10176,train,10156
10177,train,10157
10178,validation,10158
10179,test,10159
10180,train,10160
10181,train,10161
10182,train,10162
10183,train,10163
10184,train,10164
10185,train,10165
10186,train,10166
10187,train,10167
10188,train,10168
10189,train,10169
10190,train,10170
10191,train,10171
10192,train,10172
10193,train,10173
10194,train,10174
10195,train,10175
10196,train,10176
10197,train,10177
10198,train,10178
10199,train,10179
10200,train,10180
10201,train,10181
10202,test,10182
10203,validation,10183
10204,train,10184
10205,train,10185
10206,train,10186
10207,train,10187
10208,train,10188
10209,train,10189
10210,train,10190
10211,train,10191
10212,train,10192
10213,train,10193
10214,train,10194
10215,train,10195
10216,train,10196
10217,train,10197
10218,train,10198
10219,train,10199
10220,train,10200
10221,train,10201
10222,train,10202
10223,train,10203
10224,train,10204
10225,train,10205
10226,validation,10206
10227,test,10207
10228,train,10208
10229,train,10209
10230,train,10210
10231,train,10211
10232,train,10212
10233,train,10213
10234,train,10214
10235,train,10215
10236,train,10216
10237,train,10217
10238,train,10218
10239,train,10219
10240,train,10220
10241,train,10221
10242,train,10222
10243,train,10223
10244,train,10224
10245,train,10225
10246,train,10226
10247,train,10227
10248,train,10228
10249,train,10229
10250,validation,10230
10251,test,10231
10252,train,10232
10253,train,10233
10254,train,10234
10255,train,10235
10256,train,10236
10257,train,10237
10258,train,10238
10259,train,10239
10260,train,10240
10261,train,10241
10262,train,10242
10263,train,10243
10264,train,10244
10265,train,10245
10266,train,10246
10267,validation,10247
10268,validation,10247
10269,train,10248
10270,train,10249
10271,train,10250
10272,train,10251
10273,train,10252
10274,train,10253
10275,train,10254
10276,test,10255
10277,validation,10256
10278,train,10257
10279,train,10258
10280,train,10259
10281,train,10260
10282,train,10261
10283,train,10262
10284,train,10263
10285,train,10264
10286,train,10265
10287,train,10266
10288,validation,8632
10289,train,10267
10290,train,10268
10291,train,10269
10292,train,10270
10293,train,10271
10294,train,10272
10295,train,10273
10296,train,10274
10297,train,10275
10298,train,10276
10299,train,10277
10300,validation,10278
10301,test,10279
10302,train,10280
10303,train,10281
10304,train,10282
10305,train,10283
10306,train,10284
10307,train,10285
10308,train,10286
10309,train,10287
10310,train,10288
10311,train,10289
10312,train,10290
10313,train,10291
10314,train,10292
10315,train,10293
10316,train,10294
10317,train,10295
10318,train,10296
10319,train,10297
10320,train,10298
10321,train,10299
10322,train,10300
10323,train,10301
10324,test,10302
10325,validation,10303
10326,train,10304
10327,train,10305
10328,train,10306
10329,train,10307
10330,train,10308
10331,train,10309
10332,train,10310
10333,train,10311
10334,train,10312
10335,train,10313
10336,train,10314
10337,train,10315
10338,train,10316
10339,train,10317
10340,train,10318
10341,train,10319
10342,train,10320
10343,train,10321
10344,train,10322
10345,train,10323
10346,train,10324
10347,train,10325
10348,validation,10326
10349,test,10327
10350,train,10328
10351,train,10329
10352,train,10330
10353,train,10331
10354,train,10332
10355,train,10333
10356,train,10334
10357,train,10335
10358,train,10336
10359,train,10337
10360,train,10338
10361,train,10339
10362,train,10340
10363,train,10341
10364,train,10342
10365,train,10343
10366,train,10344
10367,train,10345
10368,train,10346
10369,train,10347
10370,train,10348
10371,train,10349
10372,validation,10350
10373,test,10351
10374,train,10352
10375,train,10353
10376,train,10354
10377,train,10355
10378,train,10356
10379,train,10357
10380,train,10358
10381,train,10359
10382,train,10360
10383,train,10361
10384,train,10362
10385,train,10363
10386,train,10364
10387,train,10365
10388,train,10366
10389,train,10367
10390,train,10368
10391,train,10369
10392,train,10370
10393,train,10371
10394,train,10372
10395,validation,10373
10396,test,10374
10397,train,10375
10398,train,10376
10399,train,10377
10400,train,10378
10401,train,10379
10402,train,10380
10403,train,10381
10404,train,10382
10405,train,10383
10406,train,10384
10407,train,10385
10408,train,10386
10409,train,10387
10410,train,10388
10411,train,10389
10412,train,10390
10413,train,10391
10414,train,10392
10415,train,10393
10416,train,10394
10417,train,10395
10418,train,10396
10419,validation,10397
10420,test,10398
10421,train,10399
10422,train,10400
10423,train,10401
10424,train,10402
10425,train,10403
10426,train,10404
10427,train,10405
10428,train,10406
10429,train,10407
10430,train,10408
10431,train,10409
10432,train,10410
10433,train,10411
10434,train,10412
10435,train,10413
10436,train,10414
10437,train,10415
10438,train,10416
10439,train,10417
10440,train,10418
10441,train,10419
10442,train,10420
10443,validation,10421
10444,test,10422
10445,train,10423
10446,train,10424
10447,train,10425
10448,train,10426
10449,train,10427
10450,train,10428
10451,train,10429
10452,train,10430
10453,train,10431
10454,train,10432
10455,train,10433
10456,train,10434
10457,train,10435
10458,train,10436
10459,train,10437
10460,train,10438
10461,train,10439
10462,train,10440
10463,train,10441
10464,train,10442
10465,train,10443
10466,train,10444
10467,validation,10445
10468,test,10446
10469,train,10447
10470,train,10448
10471,train,10449
10472,train,10450
10473,train,10451
10474,train,10452
10475,train,10453
10476,train,10454
10477,train,10455
10478,train,10456
10479,train,10457
10480,train,10458
10481,train,10459
10482,train,10460
10483,train,10461
10484,train,10462
10485,train,10463
10486,train,10464
10487,train,10465
10488,train,10466
10489,train,10467
10490,train,10468
10491,validation,10469
10492,test,10470
10493,train,10471
10494,train,10472
10495,train,10473
10496,train,10474
10497,train,10475
10498,train,10476
10499,train,10477
10500,train,10478
10501,train,10479
10502,train,10480
10503,train,10481
10504,train,10482
10505,train,10483
10506,train,10484
10507,train,10485
10508,train,10486
10509,train,10487
10510,train,10488
10511,train,10489
10512,train,10490
10513,train,10491
10514,validation,10492
10515,test,10493
10516,train,10494
10517,train,10495
10518,train,10496
10519,train,10497
10520,train,10498
10521,train,10499
10522,train,10500
10523,train,10501
10524,train,10502
10525,train,10503
10526,train,10504
10527,train,10505
10528,train,10506
10529,train,10507
10530,train,10508
10531,train,10509
10532,train,10510
10533,train,10511
10534,train,10512
10535,train,10513
10536,train,10514
10537,train,10515
10538,validation,10516
10539,test,10517
10540,train,10518
10541,train,10519
10542,train,10520
10543,train,10521
10544,train,10522
10545,train,10523
10546,train,10524
10547,train,10525
10548,train,10526
10549,train,10527
10550,train,10528
10551,train,10529
10552,train,10530
10553,train,10531
10554,train,10532
10555,train,10533
10556,train,10534
10557,train,10535
10558,train,10536
10559,train,10537
10560,train,10538
10561,train,10539
10562,validation,10540
10563,test,10541
10564,train,10542
10565,train,10543
10566,train,10544
10567,train,10545
10568,train,10546
10569,train,10547
10570,train,10548
10571,train,10549
10572,train,10550
10573,train,10551
10574,train,10552
10575,train,10553
10576,train,10554
10577,train,10555
10578,train,10556
10579,train,10557
10580,train,10558
10581,train,10559
10582,train,10560
10583,train,10561
10584,train,10562
10585,train,10563
10586,validation,10564
10587,test,10565
10588,train,10566
10589,train,10567
10590,train,10568
10591,train,10569
10592,train,10570
10593,train,10571
10594,train,10572
10595,train,10573
10596,train,10574
10597,train,10575
10598,train,10576
10599,train,10577
10600,train,10578
10601,train,10579
10602,train,10580
10603,train,10581
10604,train,10582
10605,train,10583
10606,train,10584
10607,train,10585
10608,train,10586
10609,validation,10587
10610,test,10588
10611,train,10589
10612,train,10590
10613,train,10591
10614,train,10592
10615,train,10593
10616,train,10594
10617,train,10595
10618,train,10596
10619,train,10597
10620,train,10598
10621,train,10599
10622,train,10600
10623,train,10601
10624,train,10602
10625,train,10603
10626,train,10604
10627,train,10605
10628,train,10606
10629,train,10607
10630,train,10608
10631,train,10609
10632,train,10610
10633,validation,10611
10634,test,10612
10635,train,10613
10636,train,10614
10637,train,10615
10638,train,10616
10639,train,10617
10640,train,10618
10641,train,10619
10642,test,6707
10643,train,10620
10644,test,584
10645,test,585
10646,train,10621
10647,train,10622
10648,train,10623
10649,train,10624
10650,train,10625
10651,train,10626
10652,train,10627
10653,train,10628
10654,train,10629
10655,train,10630
10656,train,10631
10657,train,10632
10658,train,10633
10659,train,10634
10660,validation,10635
10661,test,10636
10662,train,10637
10663,train,10638
10664,train,10639
10665,train,10640
10666,train,10641
10667,train,10642
10668,train,10643
10669,train,10644
10670,test,3227
10671,train,10645
10672,train,10646
10673,train,10647
10674,train,10648
10675,train,10649
10676,train,10650
10677,train,10651
10678,train,10652
10679,train,10653
10680,train,10654
10681,train,10655
10682,train,10656
10683,train,10657
10684,train,10658
10685,validation,10659
10686,test,10660
10687,train,10661
10688,train,10662
10689,train,10663
10690,train,10664
10691,train,10665
10692,train,10666
10693,train,10667
10694,train,10668
10695,train,10669
10696,train,10670
10697,train,10671
10698,train,10672
10699,train,10673
10700,train,10674
10701,train,10675
10702,train,10676
10703,train,10677
10704,train,10678
10705,train,10679
10706,train,10680
10707,train,10681
10708,train,10682
10709,validation,10683
10710,test,10684
10711,train,10685
10712,train,10686
10713,train,10687
10714,train,10688
10715,train,10689
10716,train,10690
10717,train,10691
10718,train,10692
10719,train,10693
10720,train,10694
10721,train,10695
10722,train,10696
10723,train,10697
10724,train,10698
10725,train,10699
10726,train,10700
10727,train,10701
10728,train,10702
10729,train,10703
10730,train,10704
10731,train,10705
10732,validation,10706
10733,test,10707
10734,train,10708
10735,train,10709
10736,train,10710
10737,train,10711
10738,train,10712
10739,train,10713
10740,train,10714
10741,train,10715
10742,train,10716
10743,train,10717
10744,train,10718
10745,train,10719
10746,train,10720
10747,train,10721
10748,train,10722
10749,train,10723
10750,train,10724
10751,train,10725
10752,train,10726
10753,train,10727
10754,train,10728
10755,train,10729
10756,test,10730
10757,test,584
10758,test,585
10759,validation,10731
10760,test,6706
10761,validation,587
10762,train,10732
10763,train,10733
10764,test,9990
10765,train,10734
10766,train,10735
10767,train,10736
10768,train,10737
10769,train,10738
10770,train,10739
10771,train,10740
10772,train,10741
10773,train,10742
10774,train,10743
10775,train,10744
10776,train,10745
10777,train,10746
10778,train,10747
10779,train,10748
10780,train,10749
10781,train,10750
10782,train,10751
10783,train,10752
10784,train,10753
10785,validation,10754
10786,test,10755
10787,train,10756
10788,train,10757
10789,train,10758
10790,train,10759
10791,train,10760
10792,train,10761
10793,train,10762
10794,train,10763
10795,train,10764
10796,train,10765
10797,train,10766
10798,train,10767
10799,train,10768
10800,train,10769
10801,train,10770
10802,train,10771
10803,train,10772
10804,train,10773
10805,train,10774
10806,train,10775
10807,train,10776
10808,train,10777
10809,validation,10778
10810,test,10779
10811,train,10780
10812,train,10781
10813,train,10782
10814,train,10783
10815,train,10784
10816,train,10785
10817,train,10786
10818,train,10787
10819,train,10788
10820,train,10789
10821,train,10790
10822,train,10791
10823,train,10792
10824,train,10793
10825,train,10794
10826,train,10795
10827,train,10796
10828,train,10797
10829,train,10798
10830,train,10799
10831,train,10800
10832,validation,10801
10833,test,10802
10834,train,10803
10835,train,10804
10836,train,10805
10837,train,10806
10838,train,10807
10839,train,10808
10840,train,10809
10841,train,10810
10842,train,10811
10843,train,10812
10844,train,10813
10845,train,10814
10846,train,10815
10847,train,10816
10848,train,10817
10849,train,10818
10850,train,10819
10851,train,10820
10852,train,10821
10853,train,10822
10854,train,10823
10855,train,10824
10856,validation,10825
10857,test,10826
10858,train,10827
10859,train,10828
10860,train,10829
10861,train,10830
10862,train,10831
10863,train,10832
10864,train,10833
10865,train,10834
10866,train,10835
10867,train,10836
10868,train,10837
10869,train,10838
10870,train,10839
10871,train,10840
10872,train,10841
10873,train,10842
10874,train,10843
10875,train,10844
10876,train,10845
10877,train,10846
10878,train,10847
10879,train,10848
10880,validation,10849
10881,test,10850
10882,train,10851
10883,train,10852
10884,train,10853
10885,train,10854
10886,train,10855
10887,train,10856
10888,train,10857
10889,train,10858
10890,train,10859
10891,train,10860
10892,train,10861
10893,train,10862
10894,train,10863
10895,train,10864
10896,train,10865
10897,train,10866
10898,train,10867
10899,train,10868
10900,train,10869
10901,train,10870
10902,train,10871
10903,train,10872
10904,validation,10873
10905,test,10874
10906,train,10875
10907,train,10876
10908,train,10877
10909,train,10878
10910,train,10879
10911,train,10880
10912,train,10881
10913,train,10882
10914,train,10883
10915,train,10884
10916,train,10885
10917,train,10886
10918,train,10887
10919,train,10888
10920,train,10889
10921,train,10890
10922,train,10891
10923,train,10892
10924,train,10893
10925,train,10894
10926,train,10895
10927,train,10896
10928,validation,10897
10929,test,10898
10930,train,10899
10931,train,10900
10932,train,10901
10933,train,10902
10934,train,10903
10935,train,10904
10936,train,10905
10937,train,10906
10938,train,10907
10939,train,10908
10940,train,10909
10941,train,10910
10942,train,10911
10943,train,10912
10944,train,10913
10945,train,10914
10946,train,10915
10947,train,10916
10948,train,10917
10949,train,10918
10950,train,10919
10951,validation,10920
10952,test,10921
10953,train,10922
10954,train,10923
10955,train,10924
10956,train,10925
10957,train,10926
10958,train,10927
10959,train,10928
10960,train,10929
10961,train,10930
10962,train,10931
10963,train,10932
10964,train,10933
10965,train,10934
10966,train,10935
10967,train,10936
10968,train,10937
10969,train,10938
10970,train,10939
10971,train,10940
10972,train,10941
10973,train,10942
10974,train,10943
10975,validation,10944
10976,test,10945
10977,train,10946
10978,train,10947
10979,train,10948
10980,train,10949
10981,train,10950
10982,train,10951
10983,train,10952
10984,train,10953
10985,train,10954
10986,train,10955
10987,train,10956
10988,train,10957
10989,train,10958
10990,train,10959
10991,train,10960
10992,train,10961
10993,train,10962
10994,train,10963
10995,train,10964
10996,train,10965
10997,train,10966
10998,train,10967
10999,validation,10968
11000,test,10969
11001,train,10970
11002,train,10971
11003,train,10972
11004,train,10973
11005,train,10974
11006,train,10975
11007,train,10976
11008,train,10977
11009,train,10978
11010,train,10979
11011,train,10980
11012,train,10981
11013,train,10982
11014,train,10983
11015,train,10984
11016,train,10985
11017,train,10986
11018,train,10987
11019,train,10988
11020,train,10989
11021,train,10990
11022,train,10991
11023,validation,10992
11024,test,10993
11025,train,10994
11026,train,10995
11027,train,10996
11028,train,10997
11029,train,10998
11030,train,10999
11031,train,11000
11032,train,11001
11033,train,11002
11034,train,11003
11035,train,11004
11036,train,11005
11037,train,11006
11038,train,11007
11039,train,11008
11040,train,11009
11041,train,11010
11042,train,11011
11043,train,11012
11044,train,11013
11045,train,11014
11046,validation,11015
11047,test,11016
11048,train,11017
11049,train,11018
11050,train,11019
11051,train,11020
11052,train,11021
11053,train,11022
11054,train,11023
11055,train,11024
11056,train,11025
11057,train,11026
11058,train,11027
11059,train,11028
11060,train,11029
11061,train,11030
11062,train,11031
11063,train,11032
11064,train,11033
11065,train,11034
11066,train,11035
11067,train,11036
11068,train,11037
11069,train,11038
11070,validation,11039
11071,test,11040
11072,train,11041
11073,train,11042
11074,train,11043
11075,train,11044
11076,train,11045
11077,train,11046
11078,train,11047
11079,train,11048
11080,train,11049
11081,train,11050
11082,train,11051
11083,train,11052
11084,train,11053
11085,train,11054
11086,train,11055
11087,train,11056
11088,train,11057
11089,train,11058
11090,train,11059
11091,train,11060
11092,train,11061
11093,train,11062
11094,validation,11063
11095,test,11064
11096,train,11065
11097,train,11066
11098,train,11067
11099,train,11068
11100,train,11069
11101,train,11070
11102,train,11071
11103,train,11072
11104,train,11073
11105,train,11074
11106,train,11075
11107,train,11076
11108,train,11077
11109,train,11078
11110,train,11079
11111,train,11080
11112,train,11081
11113,train,11082
11114,train,11083
11115,train,11084
11116,train,11085
11117,train,11086
11118,validation,11087
11119,test,11088
11120,train,11089
11121,train,11090
11122,train,11091
11123,train,11092
11124,train,11093
11125,train,11094
11126,train,11095
11127,train,11096
11128,train,11097
11129,train,11098
11130,train,11099
11131,train,11100
11132,train,11101
11133,train,11102
11134,train,11103
11135,train,11104
11136,train,11105
11137,train,11106
11138,train,11107
11139,train,11108
11140,train,11109
11141,train,11110
11142,validation,11111
11143,test,11112
11144,train,11113
11145,train,11114
11146,train,11115
11147,train,11116
11148,train,11117
11149,train,11118
11150,train,11119
11151,train,11120
11152,train,11121
11153,train,11122
11154,train,11123
11155,train,11124
11156,train,11125
11157,train,11126
11158,train,11127
11159,train,11128
11160,train,11129
11161,train,11130
11162,train,11131
11163,train,11132
11164,train,11133
11165,validation,11134
11166,test,11135
11167,train,11136
11168,train,11137
11169,train,11138
11170,train,11139
11171,train,11140
11172,train,11141
11173,train,11142
11174,train,11143
11175,train,11144
11176,train,11145
11177,train,11146
11178,train,11147
11179,train,11148
11180,train,11149
11181,train,11150
11182,train,11151
11183,train,11152
11184,train,11153
11185,train,11154
11186,train,11155
11187,train,11156
11188,train,11157
11189,validation,11158
11190,test,11159
11191,train,11160
11192,train,11161
11193,train,11162
11194,train,11163
11195,train,11164
11196,train,11165
11197,train,11166
11198,train,11167
11199,train,11168
11200,train,11169
11201,train,11170
11202,train,11171
11203,train,11172
11204,train,11173
11205,train,11174
11206,train,11175
11207,train,11176
11208,train,11177
11209,train,11178
11210,train,11179
11211,train,11180
11212,train,11181
11213,validation,11182
11214,test,11183
11215,train,11184
11216,train,11185
11217,train,11186
11218,train,11187
11219,train,11188
11220,train,11189
11221,train,11190
11222,train,11191
11223,train,11192
11224,train,11193
11225,train,11194
11226,train,11195
11227,train,11196
11228,train,11197
11229,train,11198
11230,train,11199
11231,train,11200
11232,train,11201
11233,train,11202
11234,validation,8325
11235,train,11203
11236,train,11204
11237,train,11205
11238,validation,11206
11239,test,11207
11240,train,11208
11241,train,11209
11242,train,11210
11243,train,11211
11244,train,11212
11245,train,11213
11246,train,11214
11247,train,11215
11248,train,11216
11249,train,11217
11250,train,11218
11251,train,11219
11252,train,11220
11253,train,11221
11254,train,11222
11255,train,11223
11256,train,11224
11257,train,11225
11258,train,11226
11259,train,11227
11260,train,11228
11261,validation,11229
11262,test,11230
11263,train,11231
11264,train,11232
11265,train,11233
11266,train,11234
11267,train,11235
11268,train,11236
11269,train,11237
11270,train,11238
11271,train,11239
11272,train,11240
11273,train,11241
11274,train,11242
11275,train,11243
11276,train,11244
11277,train,11245
11278,train,11246
11279,train,11247
11280,train,11248
11281,train,11249
11282,train,11250
11283,train,11251
11284,train,11252
11285,validation,11253
11286,test,11254
11287,train,11255
11288,train,11256
11289,train,11257
11290,train,11258
11291,train,11259
11292,train,11260
11293,train,11261
11294,train,11262
11295,train,11263
11296,train,11264
11297,train,11265
11298,train,11266
11299,train,11267
11300,train,11268
11301,train,11269
11302,train,11270
11303,train,11271
11304,train,11272
11305,train,11273
11306,train,11274
11307,train,11275
11308,train,11276
11309,validation,11277
11310,test,11278
11311,train,11279
11312,train,11280
11313,train,11281
11314,train,11282
11315,train,11283
11316,train,11284
11317,train,11285
11318,train,11286
11319,train,11287
11320,train,11288
11321,train,11289
11322,train,11290
11323,train,11291
11324,train,11292
11325,train,11293
11326,train,11294
11327,train,11295
11328,train,11296
11329,train,11297
11330,train,11298
11331,train,11299
11332,train,11300
11333,validation,11301
11334,test,11302
11335,train,11303
11336,train,11304
11337,train,11305
11338,train,11306
11339,train,11307
11340,train,11308
11341,train,11309
11342,train,11310
11343,train,11311
11344,train,11312
11345,train,11313
11346,train,11314
11347,train,11315
11348,train,11316
11349,train,11317
11350,train,11318
11351,train,11319
11352,train,11320
11353,train,11321
11354,train,11322
11355,train,11323
11356,train,11324
11357,validation,11325
11358,test,11326
11359,train,11327
11360,train,11328
11361,train,11329
11362,train,11330
11363,train,11331
11364,train,11332
11365,train,11333
11366,train,11334
11367,train,11335
11368,train,11336
11369,train,11337
11370,train,11338
11371,train,11339
11372,train,11340
11373,train,11341
11374,train,11342
11375,train,11343
11376,train,11344
11377,train,11345
11378,train,11346
11379,train,11347
11380,validation,11348
11381,test,11349
11382,train,11350
11383,train,11351
11384,train,11352
11385,train,11353
11386,train,11354
11387,train,11355
11388,train,11356
11389,train,11357
11390,train,11358
11391,train,11359
11392,train,11360
11393,train,11361
11394,train,11362
11395,train,11363
11396,train,11364
11397,train,11365
11398,train,11366
11399,train,11367
11400,train,11368
11401,train,11369
11402,train,11370
11403,train,11371
11404,validation,11372
11405,test,11373
11406,train,11374
11407,train,11375
11408,train,11376
11409,train,11377
11410,train,11378
11411,train,11379
11412,train,11380
11413,train,11381
11414,train,11382
11415,train,11383
11416,train,11384
11417,train,11385
11418,train,11386
11419,train,11387
11420,train,11388
11421,train,11389
11422,train,11390
11423,train,11391
11424,train,11392
11425,train,11393
11426,train,11394
11427,train,11395
11428,validation,11396
11429,test,11397
11430,train,11398
11431,train,11399
11432,train,11400
11433,train,11401
11434,train,11402
11435,train,11403
11436,train,11404
11437,train,11405
11438,train,11406
11439,train,11407
11440,train,11408
11441,train,11409
11442,train,11410
11443,train,11411
11444,train,11412
11445,train,11413
11446,train,11414
11447,train,11415
11448,train,11416
11449,train,11417
11450,train,11418
11451,train,11419
11452,validation,11420
11453,test,11421
11454,train,11422
11455,train,11423
11456,train,11424
11457,train,11425
11458,train,11426
11459,train,11427
11460,train,11428
11461,train,11429
11462,train,11430
11463,train,11431
11464,train,11432
11465,train,11433
11466,train,11434
11467,train,11435
11468,train,11436
11469,train,11437
11470,train,11438
11471,train,11439
11472,train,11440
11473,train,11441
11474,train,11442
11475,validation,11443
11476,test,11444
11477,train,11445
11478,train,11446
11479,train,11447
11480,train,11448
11481,train,11449
11482,train,11450
11483,train,11451
11484,train,11452
11485,train,11453
11486,train,11454
11487,train,11455
11488,train,11456
11489,train,11457
11490,train,11458
11491,train,11459
11492,train,11460
11493,train,11461
11494,train,11462
11495,train,11463
11496,train,11464
11497,train,11465
11498,train,11466
11499,validation,11467
11500,test,11468
11501,train,11469
11502,train,11470
11503,train,11471
11504,train,11472
11505,train,11473
11506,train,11474
11507,train,11475
11508,train,11476
11509,train,11477
11510,train,11478
11511,train,11479
11512,train,11480
11513,train,11481
11514,train,11482
11515,train,11483
11516,train,11484
11517,train,11485
11518,train,11486
11519,train,11487
11520,train,11488
11521,train,11489
11522,train,11490
11523,validation,719
11524,validation,11491
11525,test,11492
11526,train,11493
11527,train,11494
11528,train,11495
11529,train,11496
11530,train,11497
11531,train,11498
11532,train,11499
11533,train,11500
11534,train,11501
11535,train,11502
11536,train,11503
11537,train,11504
11538,train,11505
11539,train,11506
11540,train,11507
11541,train,11508
11542,train,11509
11543,train,11510
11544,train,11511
11545,train,11512
11546,train,11513
11547,train,11514
11548,validation,11515
11549,test,11516
11550,train,11517
11551,train,11518
11552,train,11519
11553,train,11520
11554,train,11521
11555,train,11522
11556,train,11523
11557,train,11524
11558,train,11525
11559,train,11526
11560,train,11527
11561,train,11528
11562,train,11529
11563,train,11530
11564,train,11531
11565,train,11532
11566,train,11533
11567,train,11534
11568,train,11535
11569,train,11536
11570,train,11537
11571,train,11538
11572,validation,11539
11573,test,11540
11574,train,11541
11575,train,11542
11576,train,11543
11577,train,11544
11578,train,11545
11579,train,11546
11580,train,11547
11581,train,11548
11582,train,11549
11583,train,11550
11584,train,11551
11585,train,11552
11586,train,11553
11587,train,11554
11588,train,11555
11589,train,11556
11590,train,11557
11591,train,11558
11592,train,11559
11593,train,11560
11594,train,11561
11595,validation,11562
11596,test,11563
11597,train,11564
11598,train,11565
11599,train,11566
11600,train,11567
11601,train,11568
11602,train,11569
11603,train,11570
11604,train,11571
11605,train,11572
11606,train,11573
11607,train,11574
11608,train,11575
11609,train,11576
11610,train,11577
11611,train,11578
11612,train,11579
11613,train,11580
11614,train,11581
11615,train,11582
11616,train,11583
11617,train,11584
11618,train,11585
11619,validation,11586
11620,test,11587
11621,train,11588
11622,train,11589
11623,train,11590
11624,train,11591
11625,train,11592
11626,train,11593
11627,train,11594
11628,train,11595
11629,train,11596
11630,train,11597
11631,train,11598
11632,train,11599
11633,train,11600
11634,train,11601
11635,train,11602
11636,train,11603
11637,train,11604
11638,train,11605
11639,train,11606
11640,train,11607
11641,train,11608
11642,train,11609
11643,validation,11610
11644,test,11611
11645,train,11612
11646,train,11613
11647,train,11614
11648,train,11615
11649,train,11616
11650,train,11617
11651,train,11618
11652,train,11619
11653,train,11620
11654,train,11621
11655,train,11622
11656,train,11623
11657,train,11624
11658,train,11625
11659,train,11626
11660,train,11627
11661,train,11628
11662,train,11629
11663,train,11630
11664,train,11631
11665,train,11632
11666,train,11633
11667,validation,11634
11668,test,11635
11669,train,11636
11670,train,11637
11671,train,11638
11672,train,11639
11673,train,11640
11674,train,11641
11675,train,11642
11676,train,11643
11677,train,11644
11678,train,11645
11679,train,11646
11680,train,11647
11681,train,11648
11682,train,11649
11683,train,11650
11684,train,11651
11685,train,11652
11686,train,11653
11687,train,11654
11688,train,11655
11689,train,11656
11690,validation,11657
11691,test,11658
11692,train,11659
11693,train,11660
11694,train,11661
11695,train,11662
11696,train,11663
11697,train,11664
11698,train,11665
11699,train,11666
11700,train,11667
11701,train,11668
11702,train,11669
11703,train,11670
11704,train,11671
11705,train,11672
11706,train,11673
11707,train,11674
11708,train,11675
11709,train,11676
11710,train,11677
11711,train,11678
11712,train,11679
11713,train,11680
11714,validation,11681
11715,test,11682
11716,train,11683
11717,train,11684
11718,train,11685
11719,train,11686
11720,train,11687
11721,train,11688
11722,train,11689
11723,train,11690
11724,train,11691
11725,train,11692
11726,train,11693
11727,train,11694
11728,train,11695
11729,train,11696
11730,train,11697
11731,train,11698
11732,train,11699
11733,train,11700
11734,train,11701
11735,train,11702
11736,train,11703
11737,train,11704
11738,validation,11705
11739,test,11706
11740,train,11707
11741,train,11708
11742,train,11709
11743,train,11710
11744,train,11711
11745,train,11712
11746,train,11713
11747,train,11714
11748,train,11715
11749,train,11716
11750,train,11717
11751,train,11718
11752,train,11719
11753,train,11720
11754,train,11721
11755,train,11722
11756,train,11723
11757,train,11724
11758,train,11725
11759,train,11726
11760,train,11727
11761,train,11728
11762,validation,11729
11763,test,11730
11764,train,11731
11765,train,11732
11766,train,11733
11767,train,11734
11768,train,11735
11769,train,11736
11770,train,11737
11771,train,11738
11772,train,11739
11773,train,11740
11774,train,11741
11775,train,11742
11776,train,11743
11777,train,11744
11778,train,11745
11779,train,11746
11780,train,11747
11781,train,11748
11782,train,11749
11783,train,11750
11784,train,11751
11785,train,11752
11786,validation,11753
11787,test,11754
11788,train,11755
11789,train,11756
11790,train,11757
11791,train,11758
11792,train,11759
11793,train,11760
11794,train,11761
11795,train,11762
11796,train,11763
11797,train,11764
11798,train,11765
11799,train,11766
11800,train,11767
11801,train,11768
11802,train,11769
11803,train,11770
11804,train,11771
11805,train,11772
11806,train,11773
11807,train,11774
11808,train,11775
11809,validation,11776
11810,test,11777
11811,train,11778
11812,train,11779
11813,train,11780
11814,train,11781
11815,train,11782
11816,train,11783
11817,train,11784
11818,train,11785
11819,train,11786
11820,train,11787
11821,train,11788
11822,train,11789
11823,train,11790
11824,train,11791
11825,train,11792
11826,train,11793
11827,train,11794
11828,train,11795
11829,train,11796
11830,train,11797
11831,train,11798
11832,train,11799
11833,validation,11800
11834,test,11801
11835,train,11802
11836,train,11803
11837,train,11804
11838,train,11805
11839,train,11806
11840,train,11807
11841,train,11808
11842,train,11809
11843,train,11810
11844,train,11811
11845,train,11812
11846,train,11813
11847,train,11814
11848,train,11815
11849,train,11816
11850,train,11817
11851,train,11818
11852,train,11819
11853,train,11820
11854,train,11821
11855,train,11822
11856,train,11823
11857,validation,11824
11858,test,11825
11859,train,11826
11860,train,11827
11861,train,11828
11862,train,11829
11863,train,11830
11864,train,11831
11865,train,11832
11866,train,11833
11867,train,11834
11868,train,11835
11869,train,11836
11870,train,11837
11871,train,11838
11872,train,11839
11873,train,11840
11874,train,11841
11875,train,11842
11876,train,11843
11877,train,11844
11878,train,11845
11879,train,11846
11880,train,11847
11881,validation,11848
11882,test,11849
11883,train,11850
